model_no,core_count,core_clock,boost_clock,graphics,socket
30001,8,4.2,5,Radeon,
30002,6,4.7,5.3,Radeon,
30003,6,3.7,4.6,,
30004,6,3.8,5.1,Radeon,
30005,24,3.2,6,Intel UHD Graphics 770,
30006,20,3.4,5.6,Intel UHD Graphics 770,
30007,6,2.5,4.4,,
30008,6,3.6,4.2,,
30009,8,4.5,5.4,Radeon,
30010,16,4.2,5.7,Radeon,
30011,6,3.5,4.4,,
30012,8,3.8,4.7,,
30013,10,3.7,4.9,,
30014,6,3.6,4.2,,
30015,12,3.6,5,Intel UHD Graphics 770,
30016,8,3.4,4.6,,
30017,16,3.4,5.4,Intel UHD Graphics 770,
30018,10,3.7,4.9,Intel UHD Graphics 770,
30019,8,3.4,4.5,,
30020,12,4.7,5.6,Radeon,
30021,6,3.9,4.4,Radeon Vega 7,
30022,12,3.7,4.8,,
30023,14,3.5,5.1,Intel UHD Graphics 770,
30024,24,3.2,6.2,Intel UHD Graphics 770,
30025,12,3.6,5,,
30026,4,3.3,4.3,,
30027,14,3.5,5.1,,
30028,8,3.6,5.3,Radeon,
30029,64,2.9,4.3,,
30030,24,3,5.8,Intel UHD Graphics 770,
30031,20,3.4,5.6,,
30032,10,2.5,4.6,,
30033,12,4.4,5.6,Radeon,
30034,16,3.2,5.2,Intel UHD Graphics 770,
30035,6,3.6,4.1,,
30036,16,4.5,5.7,Radeon,
30037,14,3.5,5.3,Intel UHD Graphics 770,
30038,8,3.6,4.4,,
30039,16,3.4,5.4,,
30040,8,3.8,4.6,Radeon Vega 8,
30041,8,3,4.1,,
30042,6,3.7,5,,
30043,16,3.4,4.9,,
30044,14,3.5,5.3,,
30045,6,4.1,5,Radeon 740M,
30046,24,3.2,6,,
30047,6,2.9,4.3,,
30048,6,3.7,4.2,Radeon Vega 7,
30049,4,3.8,4,,
30050,10,2.5,4.7,,
30051,12,3.6,5.4,Radeon,
30052,8,4.2,5.1,Radeon 780M,
30053,14,2.6,5,Intel UHD Graphics 770,
30054,6,3.4,3.9,,
30055,6,2.5,4.4,Intel UHD Graphics 730,
30056,8,3.6,4.9,Intel UHD Graphics 630,
30057,4,3.6,4,Radeon Vega 8,
30058,6,3.7,4.7,Intel UHD Graphics 630,
30059,6,4.3,5,Radeon 760M,
30060,24,3,5.8,,
30061,4,3.6,4.3,,
30062,32,3.7,4.5,,
30063,6,3.7,5,,
30064,20,2.1,5.4,,
30065,2,2,,,
30066,6,3.8,4.4,,
30067,8,3.7,4.3,,
30068,8,3.6,5,Intel UHD Graphics 630,
30069,4,3.5,4.7,,
30070,8,3.8,5.1,Intel UHD Graphics 630,
30071,12,3.8,4.6,,
30072,6,2.6,4.4,,
30073,14,2.5,4.8,Intel UHD Graphics 770,
30074,4,3.3,4.3,Intel UHD Graphics 730,
30075,16,3.2,5.2,,
30076,12,2.1,4.9,,
30077,4,3.4,4.5,,
30078,6,2.9,4.1,,
30079,4,4.2,4.5,Intel HD Graphics 630,
30080,4,4,4.2,Intel HD Graphics 530,
30081,24,3,6,Intel UHD Graphics 770,
30082,6,3.6,4.2,,
30083,16,2.1,5.2,,
30084,8,3.9,4.5,,
30085,8,3.6,5,Intel UHD Graphics 750,
30086,4,3.7,4.2,Radeon Vega 11,
30087,6,3.7,4.6,Intel UHD Graphics 630,
30088,8,3.5,5.3,Intel UHD Graphics 750,
30089,6,2.9,4.3,Intel UHD Graphics 630,
30090,4,3.2,3.6,Intel HD Graphics 530,
30091,6,3.6,4.2,,
30092,6,3.2,4.6,Intel UHD Graphics 630,
30093,10,3.7,5.3,Intel UHD Graphics 630,
30094,20,2.1,5.4,Intel UHD Graphics 770,
30095,10,2.5,4.6,Intel UHD Graphics 730,
30096,6,2.8,4,Intel UHD Graphics 630,
30097,6,3.6,4.4,Radeon Vega 7,
30098,4,3.5,4.7,Intel UHD Graphics 730,
30099,4,4,4.4,Intel HD Graphics 4600,
30100,4,3.4,4,Intel HD Graphics 530,
30101,8,2.9,4.8,,
30102,12,2.1,4.9,Intel UHD Graphics 770,
30103,16,3.4,5.5,Intel UHD Graphics 770,
30104,4,3.6,3.9,,
30105,4,3.5,3.9,Intel HD Graphics 4600,
30106,6,4.1,4.8,Intel UHD Graphics 630,
30107,16,3.5,4.7,,
30108,4,3.6,4.2,Intel HD Graphics 630,
30109,6,3.6,4.6,Radeon Vega 7,
30110,10,3.6,5.2,Intel UHD Graphics 630,
30111,24,3.8,4.5,,
30112,6,2.6,4.4,Intel UHD Graphics 730,
30113,8,3.5,5.3,,
30114,6,3.2,3.6,,
30115,10,2.5,4.7,Intel UHD Graphics 730,
30116,4,3.4,3.9,Intel HD Graphics 4600,
30117,6,4.1,4.8,,
30118,8,2.5,4.9,,
30119,8,3.2,4.1,,
30120,10,3,3.5,,
30121,6,3.9,4.9,Intel UHD Graphics 750,
30122,4,3.5,3.9,Intel HD Graphics 530,
30123,4,3.6,4.3,Intel UHD Graphics 630,
30124,16,2.1,5.2,Intel UHD Graphics 770,
30125,6,3,4.6,Intel UHD Graphics 770,
30126,8,2.9,4.8,Intel UHD Graphics 630,
30127,6,3.2,3.6,,
30128,4,3.4,,Intel HD Graphics 4000,
30129,4,3.7,4.4,,
30130,6,3.6,4.3,Intel UHD Graphics 630,
30131,22,2.2,3.6,,
30132,24,2,5.8,Intel UHD Graphics 770,
30133,4,3.5,3.7,Radeon Vega 8,
30134,10,3.7,5.3,,
30135,4,3.4,3.8,Intel HD Graphics 630,
30136,8,3.6,5,,
30137,16,3.5,4.7,,
30138,2,3.2,,Radeon Vega 3,
30139,8,3,4.7,Intel HD Graphics 630,
30140,4,3,3.5,Intel HD Graphics 630,
30141,4,3.6,4,Intel HD Graphics 4600,
30142,8,3.7,4.6,,
30143,4,3.6,3.9,Radeon Vega 11,
30144,6,3.6,4.1,,
30145,4,3.2,,Intel HD Graphics 2500,
30146,6,2.6,3.1,,
30147,24,2,5.8,,
30148,4,3.5,3.9,Intel HD Graphics 4600,
30149,8,3,3.7,,
30150,2,3.4,,Intel UHD Graphics 710,
30151,2,3.4,,Intel UHD Graphics 610,
30152,8,3.8,5.1,,
30153,8,3,4.7,,
30154,4,3.6,4.2,,
30155,6,3.3,4.4,,
30156,8,2.5,4.9,Intel UHD Graphics 750,
30157,4,3.5,,Intel HD Graphics 4000,
30158,4,3.6,,Intel UHD Graphics 630,
30159,4,3.3,3.7,Intel HD Graphics 4600,
30160,6,3.6,4,,
30161,14,2.4,3.3,,
30162,8,3.6,5,,
30163,8,4,,,
30164,4,3.5,3.9,Intel HD Graphics 4600,
30165,4,3.8,4.2,Intel HD Graphics 630,
30166,6,3,4.1,Intel UHD Graphics 630,
30167,8,4,5,Intel UHD Graphics 630,
30168,24,2,5.6,Intel UHD Graphics 770,
30169,4,3.4,4.5,Intel UHD Graphics 730,
30170,8,3.6,4.4,,
30171,2,3.4,,Intel HD Graphics 4400,
30172,4,3.2,3.4,Intel HD Graphics 4600,
30173,2,3.9,,Radeon HD 8470D,
30174,8,3.4,3.8,,
30175,4,3.2,3.4,,
30176,6,3.9,4.9,,
30177,4,3.1,3.4,,
30178,8,3.6,4.9,,
30179,4,3.8,4.3,,
30180,6,2.9,4.1,Intel UHD Graphics 630,
30181,8,3.9,4.7,,
30182,18,3,4.8,,
30183,12,3.8,4.7,,
30184,8,3.8,4,,
30185,6,3.8,4.5,,
30186,4,3.2,,Intel HD Graphics 4600,
30187,2,4.2,,Intel HD Graphics 630,
30188,6,3.5,,,
30189,4,3.7,4.4,Intel UHD Graphics 630,
30190,6,3.7,4.6,,
30191,10,2.8,5.2,,
30192,4,2.7,3.3,Intel HD Graphics 530,
30193,2,3.5,,Radeon Vega 3,
30194,6,3.6,4.2,,
30195,6,3.6,4.1,,
30196,24,2,5.6,,
30197,8,3.6,4,,
30198,4,3.5,3.7,,
30199,4,3.1,,Intel HD Graphics 2000,
30200,32,3,4.2,,
30201,4,3.4,,Intel HD Graphics 2000,
30202,4,3.4,,Intel HD Graphics 4600,
30203,2,3.9,,Intel HD Graphics 630,
30204,4,4,4.4,Intel HD Graphics 4600,
30205,2,3.9,,Intel UHD Graphics 710,
30206,6,2.3,,,
30207,8,2.5,5.2,,
30208,6,3.7,4.7,Intel UHD Graphics 630,
30209,4,3.4,,Intel HD Graphics 3000,
30210,4,3.4,,Intel HD Graphics 4000,
30211,16,2.1,3,,
30212,4,3.5,4.1,Intel HD Graphics 630,
30213,2,3.7,,Intel HD Graphics 530,
30214,6,3.1,4.5,Intel UHD Graphics 630,
30215,12,3.7,5.4,Radeon,
30216,12,3.5,4,,
30217,2,2.8,,,
30218,4,3.4,,Intel HD Graphics 2500,
30219,4,3.3,3.9,Intel HD Graphics 530,
30220,6,3.4,3.6,,
30221,2,3.1,,Intel UHD Graphics 610,
30222,8,3.2,3.7,,
30223,4,3.6,4,Radeon Vega 8,
30224,6,3.3,4.8,Intel UHD Graphics 770,
30225,2,3.7,,Intel UHD Graphics 710,
30226,6,3.3,3.6,,
30227,4,3.3,,Intel HD Graphics 3000,
30228,2,2.8,,Intel HD Graphics,
30229,8,3.6,5,Intel UHD Graphics 630,
30230,6,2.8,4.8,Intel UHD Graphics 750,
30231,4,3.5,3.8,,
30232,2,3,,,
30233,6,2.9,4.1,,
30234,6,3.4,3.9,,
30235,16,3.4,4,,
30236,12,2.2,2.9,,
30237,16,2.4,5.1,,
30238,6,3,4.4,Intel UHD Graphics 630,
30239,8,2.6,3.4,,
30240,2,3.2,,Intel UHD Graphics 610,
30241,10,3.7,4.7,,
30242,4,3.6,4.2,Intel UHD Graphics 630,
30243,2,1.45,,Radeon HD 8240,
30244,2,3.5,,Intel HD Graphics 4400,
30245,10,2.8,5.2,Intel UHD Graphics 630,
30246,16,2.4,5.1,Intel UHD Graphics 770,
30247,16,2.8,4.4,,
30248,1,1.6,,,
30249,16,3.5,4.4,,
30250,6,2.7,4.6,Intel UHD Graphics 750,
30251,8,3.1,5,Intel UHD Graphics 630,
30252,24,1.1,5.3,Intel UHD Graphics 770,
30253,4,2.7,3.3,Intel HD Graphics 630,
30254,4,3.6,4,Intel HD Graphics 4600,
30255,6,4,5,Intel UHD Graphics 630,
30256,4,3.2,3.6,Intel HD Graphics 530,
30257,12,3.8,4.6,,
30258,6,3.2,4.6,Intel UHD Graphics 630,
30259,8,3.5,,,
30260,4,2.2,4.1,Intel UHD Graphics 730,
30261,2,3,,,
30262,10,3.3,4.5,,
30263,4,3.5,,Intel HD Graphics 3000,
30264,4,3.6,4.2,Intel HD Graphics 630,
30265,6,2.8,4,Intel UHD Graphics 630,
30266,4,4.3,4.5,,
30267,6,3.6,4,,
30268,6,3.5,4,,
30269,2,4,,Intel UHD Graphics 610,
30270,14,3.3,4.8,,
30271,4,3.1,3.3,Intel HD Graphics 4600,
30272,4,3.4,,Intel HD Graphics 4600,
30273,2,2.7,,,
30274,6,3.1,4.3,Intel UHD Graphics 630,
30275,8,3.6,5,Intel UHD Graphics 630,
30276,4,3.5,3.7,,
30277,8,3.2,3.6,,
30278,6,3.4,3.9,,
30279,8,2.5,5.2,Intel UHD Graphics 750,
30280,8,4.7,5,,
30281,6,2.1,3.5,Intel UHD Graphics 630,
30282,4,3.1,3.4,,
30283,6,3.6,4.2,,
30284,4,3.3,,Intel HD Graphics 2000,
30285,2,3.1,,Intel HD Graphics 2000,
30286,6,3.6,4.2,,
30287,16,2.1,3,,
30288,10,3.6,5.2,Intel UHD Graphics 630,
30289,2,2.8,,Intel HD Graphics 510,
30290,6,3.6,3.8,,
30291,2,3.7,,Intel HD Graphics 4400,
30292,4,4.2,4.5,Intel HD Graphics 630,
30293,18,2.6,4.4,,
30294,16,2.3,3.6,,
30295,2,3.3,,Intel HD Graphics 2500,
30296,8,4,4.3,,
30297,6,3.8,4.4,,
30298,2,3.5,,Intel UHD Graphics 610,
30299,24,3,4.2,,
30300,8,3,4.7,,
30301,4,3.7,3.9,,
30302,6,3.5,3.7,,
30303,12,3.5,4.3,,
30304,2,3.7,3.9,Radeon HD 8370D,
30305,8,3.9,4.5,,
30306,14,1.6,4.6,Intel UHD Graphics 770,
30307,2,3.2,,,
30308,2,3.5,,Intel HD Graphics 610,
30309,18,2.3,3.6,,
30310,8,3.3,,,
30311,8,3.6,4.9,Intel UHD Graphics 630,
30312,4,4,4.2,Intel HD Graphics 530,
30313,2,3.3,,Intel HD Graphics 2000,
30314,8,3.6,4.5,,
30315,14,2.7,5,Intel UHD Graphics 770,
30316,4,2.05,,Radeon HD 8400,
30317,6,2.9,4.1,Intel UHD Graphics 630,
30318,2,3.6,,Intel HD Graphics 4400,
30319,4,2.9,,Intel HD Graphics 2500,
30320,10,3,3.5,,
30321,8,3,3.5,,
30322,12,3.5,4.8,,
30323,8,2.4,3.2,,
30324,4,2.4,3,Intel HD Graphics 630,
30325,2,2.9,,Intel HD Graphics,
30326,2,3.7,,Intel UHD Graphics 610,
30327,18,3,4.4,,
30328,6,3.5,3.8,,
30329,4,3.4,4,Intel HD Graphics 530,
30330,12,3,3.5,,
30331,16,1.4,4.9,,
30332,6,3.7,4.6,Intel UHD Graphics 630,
30333,6,3.9,,,
30334,6,3.2,,,
30335,18,2.3,3.6,,
30336,4,3,,Intel HD Graphics 2500,
30337,6,3.33,,,
30338,14,2.6,3.5,,
30339,6,3.3,4.8,Intel UHD Graphics 630,
30340,4,3.1,,Intel HD Graphics 2500,
30341,12,2.7,3.5,,
30342,8,3.4,3.8,,
30343,8,3,4.7,Intel HD Graphics 630,
30344,2,3.8,,Intel HD Graphics 4600,
30345,4,2.5,4.2,Intel UHD Graphics 730,
30346,12,3.1,,,
30347,2,3.4,,Intel HD Graphics 630,
30348,2,3.5,3.8,Radeon R5 (on die),
30349,4,3.1,3.8,Radeon R7 (on-die),
30350,4,2.93,,,
30351,4,2.83,,,
30352,4,3.7,4.4,Intel UHD Graphics 630,
30353,6,3.5,4.1,,
30354,2,2.93,,Intel HD Graphics,
30355,2,3.16,,,
30356,4,3.8,,,
30357,4,3.7,4.2,Radeon Vega 11,
30358,4,3.1,,,
30359,4,2.66,,,
30360,4,2.4,,,
30361,4,3.4,3.8,,
30362,4,3.5,3.8,Radeon R7 (on-die),
30363,12,2.9,4.4,,
30364,6,3.6,4,,
30365,4,3.1,,Intel HD Graphics 4600,
30366,12,2.4,3.2,,
30367,18,3,4.4,,
30368,6,3.3,,,
30369,2,4.1,,Intel HD Graphics 630,
30370,4,3.7,4,Radeon R7 (on-die),
30371,8,3.8,4.5,,
30372,4,3.6,,,
30373,4,3,,,
30374,10,2.2,3.1,,
30375,8,2.6,3.4,,
30376,6,2.4,4,Intel UHD Graphics 630,
30377,4,3.6,3.9,Radeon Vega 11,
30378,8,2.2,3,,
30379,4,2.66,,,
30380,4,4.2,,,
30381,2,2.4,,,
30382,2,3.4,,Intel HD Graphics 2500,
30383,4,3,,Intel HD Graphics 4600,
30384,12,2.3,3.1,,
30385,20,2.2,3.6,,
30386,4,2.5,,,
30387,2,3.3,,Intel HD Graphics 510,
30388,6,3.8,5.1,Radeon,
30389,6,3.1,4.6,Intel UHD Graphics 630,
30390,4,2.9,3.8,Intel HD Graphics 630,
30391,4,2.8,3.4,Intel HD Graphics 510,
30392,4,3.1,,Intel HD Graphics 4000,
30393,16,3.1,4.4,,
30394,2,3.2,,Intel UHD Graphics 610,
30395,6,3.5,4,,
30396,8,3.8,5.3,Radeon,
30397,14,2,3.2,,
30398,8,4.4,4.7,,
30399,4,3.2,4,Intel HD Graphics 4000,
30400,6,3.6,4.3,Intel UHD Graphics 630,
30401,6,2.2,3.7,Intel UHD Graphics 630,
30402,4,2.8,3.6,Intel HD Graphics 530,
30403,4,2.8,,,
30404,2,1.8,,Intel UHD Graphics 610,
30405,4,3.4,,,
30406,14,2.6,3.6,,
30407,4,3.5,3.7,Radeon Vega 8,
30408,4,3.9,,Radeon HD 8570D,
30409,2,3.2,,Intel HD Graphics,
30410,4,2.5,3.1,Intel HD Graphics 530,
30411,4,3,,,
30412,4,4,,Intel UHD Graphics 630,
30413,4,3,,Intel HD Graphics 2000,
30414,10,3.3,4.5,,
30415,4,3.3,,Intel HD Graphics 2500,
30416,12,2.5,3.3,,
30417,4,3.8,4,,
30418,2,2.6,,,
30419,4,4,4.6,,
30420,4,3.7,4,,
30421,4,3.5,3.6,,
30422,6,3.5,,,
30423,2,3.5,,Intel HD Graphics 2500,
30424,4,2.5,,Intel HD Graphics 2000,
30425,4,2.7,,Radeon HD 6530D,
30426,4,3.1,,Intel UHD Graphics 630,
30427,2,2.93,,,
30428,2,3.9,,Intel HD Graphics 630,
30429,4,3.5,3.8,Radeon R7 (on-die),
30430,4,3.7,4,,
30431,6,3.2,,,
30432,2,4.1,,Intel UHD Graphics 610,
30433,2,3.5,,Intel UHD Graphics 610,
30434,10,3.1,3.5,,
30435,4,3.8,4.2,Intel HD Graphics 630,
30436,8,3.8,5.1,Intel UHD Graphics 630,
30437,4,3.06,,,
30438,1,1.8,,,
30439,2,3.2,,Intel HD Graphics,
30440,4,3.1,3.4,Radeon R7 (on-die),
30441,8,2.1,3,,
30442,1,2,,,
30443,2,2.9,,Intel HD Graphics 4600,
30444,6,3.7,4,,
30445,6,2,,,
30446,8,2.2,2.6,,
30447,4,2.8,,,
30448,4,2.9,,Intel HD Graphics 4600,
30449,2,4.1,,Intel UHD Graphics 630,
30450,6,3.7,4.7,Intel HD Graphics P630,
30451,4,3.5,3.9,Intel HD Graphics 4600,
30452,4,3,3.5,Intel HD Graphics 630,
30453,2,3.6,,Intel UHD Graphics 610,
30454,4,3.3,,,
30455,4,2.1,3.2,,
30456,10,3.7,5.3,Intel UHD Graphics 630,
30457,10,3.5,4.4,,
30458,6,3.5,,,
30459,2,3.7,,Intel HD Graphics 530,
30460,8,4,,,
30461,6,2.5,3,,
30462,6,3.3,3.6,,
30463,4,3,3.7,Intel HD Graphics 4000,
30464,4,3.3,3.7,Radeon R7 (on-die),
30465,2,3.8,,Intel HD Graphics 530,
30466,4,3.4,3.8,Intel HD Graphics 630,
30467,8,3.2,4.1,,
30468,4,3.2,,,
30469,6,3,4.4,,
30470,4,3.5,3.9,,
30471,4,3.2,,,
30472,18,2.1,3.3,,
30473,4,3,,,
30474,6,1.7,3.3,Intel UHD Graphics 630,
30475,2,4.2,,,
30476,8,3,3.5,,
30477,8,3.6,,,
30478,4,4.1,,Radeon HD 8670D,
30479,4,3.5,3.9,Intel HD Graphics 4600,
30480,4,3.5,3.9,Radeon R7 (on-die),
30481,4,3.5,3.8,,
30482,8,2,2.8,,
30483,2,3.1,,Intel UHD Graphics 610,
30484,4,3.5,3.9,Intel HD Graphics 4600,
30485,4,3.6,4,Radeon R7 (on-die),
30486,8,3.1,5,Intel UHD Graphics 630,
30487,8,3.8,5.3,Radeon,
30488,4,3.5,3.9,Intel HD Graphics P530,
30489,4,3.5,3.8,,
30490,2,3.7,,Intel UHD Graphics 610,
30491,16,3.1,4.4,,
30492,2,3.5,,Radeon Vega 3,
30493,4,4.1,4.3,Radeon R7 (on-die),
30494,10,2.6,3.3,,
30495,4,3.2,,,
30496,4,3.1,3.8,Intel HD Graphics 4600,
30497,8,3.5,,,
30498,6,2.9,4.1,Intel UHD Graphics 630,
30499,6,3,4.1,Intel UHD Graphics 630,
30500,6,3.7,4.6,,
30501,4,3.6,,Radeon HD 7560D,
30502,4,2.7,3.3,Intel HD Graphics 530,
30503,6,3.3,,,
30504,10,2.6,3.3,,
30505,2,3.4,,Intel HD Graphics 630,
30506,18,2.6,4.4,,
30507,6,2.4,3.2,,
30508,10,2.4,3.4,,
30509,2,2.6,,Intel HD Graphics,
30510,2,3.06,,Intel HD Graphics,
30511,4,3.4,3.8,Radeon R7 (on-die),
30512,4,3.3,3.7,,
30513,6,3.9,,,
30514,2,3.8,,Intel UHD Graphics 630,
30515,10,3,3.6,,
30516,8,3.2,4,,
30517,6,3.3,,,
30518,4,2.8,,Intel HD Graphics 2000,
30519,10,2.3,3,,
30520,4,3.3,4.3,,
30521,4,3.5,3.9,Intel HD Graphics 4600,
30522,8,4,,,
30523,2,3,,Intel HD Graphics,
30524,2,3.6,,Intel HD Graphics 510,
30525,2,3.6,,Intel HD Graphics 630,
30526,32,3,4.2,,
30527,2,2.13,,,
30528,6,3.333,,,
30529,2,2.9,,Intel HD Graphics 4400,
30530,2,2.7,,,
30531,4,3,3.8,Intel UHD Graphics 630,
30532,4,3.4,,Radeon HD 7660D,
30533,8,4.7,5,,
30534,4,4,4.4,Intel HD Graphics 4600,
30535,8,2.2,3,,
30536,10,3.6,5.2,Intel UHD Graphics 630,
30537,4,3.8,4.6,Intel UHD Graphics 630,
30538,8,3.6,4.5,,
30539,4,2.8,,Intel HD Graphics 2000,
30540,8,2.7,3.5,,
30541,6,3.5,3.7,,
30542,4,2.9,,Intel HD Graphics 2000,
30543,2,3.4,,Radeon HD 7480D,
30544,12,2.6,3.5,,
30545,10,3.3,4.1,,
30546,4,3.1,3.7,Intel UHD Graphics 630,
30547,4,2.8,,,
30548,2,2.9,,Intel HD Graphics 610,
30549,4,4,4.2,,
30550,2,2.7,,Intel HD Graphics 610,
30551,6,3.467,,,
30552,2,3,,Intel HD Graphics,
30553,8,2,4.3,Intel HD Graphics 630,
30554,6,1.8,3.4,Intel UHD Graphics 630,
30555,2,4.2,,Intel UHD Graphics 630,
30556,2,3.2,,Intel HD Graphics 530,
30557,14,3.3,4.4,,
30558,4,2.5,,,
30559,8,3.1,,,
30560,4,3,,Radeon HD 6550D,
30561,4,2.8,3.7,Intel HD Graphics 630,
30562,4,3.2,,,
30563,8,2.2,3,,
30564,4,3.1,3.5,,
30565,2,3.06,,,
30566,6,3.5,3.9,,
30567,1,2,,,
30568,1,1.6,,Intel HD Graphics,
30569,4,3.6,,,
30570,4,3.8,,Radeon HD 7660D,
30571,10,2.8,3.6,,
30572,4,2.7,3.9,,
30573,10,3.5,4.4,,
30574,4,3.1,3.4,,
30575,2,4.3,,Intel UHD Graphics 630,
30576,4,3.9,4.1,Radeon R7 (on-die),
30577,4,3.8,4.2,Radeon R7 (on-die),
30578,2,3.2,,Intel HD Graphics 2500,
30579,2,3.8,,Intel UHD Graphics 610,
30580,6,4.1,4.8,Intel UHD Graphics 630,
30581,8,2.6,3.3,,
30582,4,3.7,,Intel UHD Graphics 630,
30583,12,3.5,4.4,,
30584,8,3.1,3.8,,
30585,4,2.4,3,Intel HD Graphics 630,
30586,4,3.2,,,
30587,4,2.83,,,
30588,4,3.5,,Radeon HD 8570D,
30589,4,3.5,3.9,Intel HD Graphics P4600,
30590,6,3.7,4.6,Intel UHD Graphics 630,
30591,4,2.8,,,
30592,4,3,,,
30593,4,2.66,,,
30594,8,3.4,4,,
30595,2,3.5,3.9,Radeon R5 (on die),
30596,4,3.6,,Intel UHD Graphics 630,
30597,6,3,4.1,Intel UHD Graphics 630,
30598,8,2.1,4.4,Intel UHD Graphics 630,
30599,4,4.3,4.5,,
30600,2,2.4,,Intel HD Graphics,
30601,8,3.7,5,Intel HD Graphics P630,
30602,4,2.83,,,
30603,2,2.7,,Intel HD Graphics,
30604,4,1.3,,Radeon HD 8280,
30605,2,3.2,,Intel HD Graphics,
30606,16,2.4,3.3,,
30607,4,2.9,3.4,Intel HD Graphics 4000,
30608,2,3.4,,Radeon Vega 3,
30609,2,2.66,,,
30610,4,3.7,,Radeon HD 8670D,
30611,1,1.6,,,
30612,6,2.8,,,
30613,2,1.8,,,
30614,2,3,,,
30615,4,3.4,,,
30616,4,3.1,3.6,Iris Pro Graphics 6200,
30617,4,3.3,3.7,Iris Pro Graphics 6200,
30618,14,3.1,4.4,,
30619,2,3.2,,Radeon Vega 3,
30620,2,3.1,,Intel UHD Graphics 610,
30621,4,3.7,4.1,Intel HD Graphics P630,
30622,4,3.7,3.9,,
30623,2,2.7,,Intel HD Graphics,
30624,2,3.6,,Intel HD Graphics 4600,
30625,2,3.6,,Intel HD Graphics 4400,
30626,6,3.6,4,,
30627,4,3.5,4.1,Intel HD Graphics 630,
30628,4,2.9,3.8,Intel HD Graphics 630,
30629,8,3.6,4,,
30630,4,3.8,4.2,,
30631,4,3.7,4.3,Intel UHD Graphics 630,
30632,4,2.8,,,
30633,6,4,4.9,Intel HD Graphics P630,
30634,4,3.2,3.9,Intel HD Graphics 4600,
30635,4,3.5,,,
30636,2,3.33,,,
30637,2,3.4,,Intel HD Graphics 2000,
30638,4,3.4,,,
30639,4,3.2,,Radeon HD 7560D,
30640,2,2.8,,Intel HD Graphics,
30641,4,3.6,3.8,,
30642,4,2.7,3.5,Intel HD Graphics 530,
30643,6,3.1,4.3,Intel UHD Graphics 630,
30644,4,2.7,3.2,Intel HD Graphics 2500,
30645,2,3.5,,Radeon Vega 3,
30646,4,3,,,
30647,4,3.3,3.7,Iris Pro Graphics 6200,
30648,4,2.8,,Intel HD Graphics 2500,
30649,4,3.4,3.8,Intel HD Graphics P4600,
30650,4,3.1,3.3,Intel HD Graphics 2500,
30651,8,3.2,3.8,,
30652,4,3.3,3.9,Intel HD Graphics 530,
30653,4,2.2,2.8,Intel HD Graphics 530,
30654,6,3.4,3.6,,
30655,4,3.1,3.8,Intel HD Graphics 2500,
30656,2,3.9,,Intel UHD Graphics 630,
30657,4,3.4,,Intel HD Graphics 2500,
30658,4,3.5,3.9,,
30659,8,1.8,2.3,,
30660,4,3.1,3.8,Radeon R7 (on-die),
30661,10,2.5,3.3,,
30662,4,3.8,4.1,,
30663,2,3.4,,Intel HD Graphics 4000,
30664,10,1.7,2.1,,
30665,4,4,4.2,,
30666,24,3,4.2,,
30667,14,3.3,4.4,,
30668,4,2.93,,,
30669,8,1.7,,,
30670,2,2.6,,,
30671,2,1.6,,,
30672,4,2.6,,,
30673,4,3.6,4,Intel HD Graphics P530,
30674,4,3.3,3.7,Intel HD Graphics P530,
30675,4,4,4.2,,
30676,2,3.2,,Intel HD Graphics,
30677,4,3,,,
30678,4,3.4,,,
30679,4,3.4,3.8,,
30680,4,2.8,3.3,Intel HD Graphics 4600,
30681,4,2.5,3.7,Intel HD Graphics 4000,
30682,2,3.9,,Intel HD Graphics 530,
30683,2,3.3,,Intel HD Graphics,
30684,4,3,3.5,Radeon R7 (on-die),
30685,6,3,4.4,Intel UHD Graphics 630,
30686,4,3.4,,Intel HD Graphics,
30687,4,2.93,,,
30688,4,3.4,,Intel HD Graphics P4000,
30689,4,2.93,,,
30690,2,3.5,,Intel HD Graphics 530,
30691,2,2.6,,Intel HD Graphics,
30692,6,2.7,,,
30693,2,3.3,,Intel HD Graphics 4000,
30694,2,3.6,,Radeon HD 7540D,
30695,4,1.6,,Radeon HD 8400,
30696,4,3.8,,,
30697,4,3.3,3.7,Intel HD Graphics P4600,
30698,4,3.4,3.8,,
30699,2,3.5,,Intel HD Graphics 610,
30700,2,3.5,3.8,Radeon R5 (on die),
30701,2,3.2,,,
30702,4,3,3.5,,
30703,2,2.8,,Intel HD Graphics 510,
30704,4,2.4,,,
30705,12,2.9,4.4,,
30706,4,3.06,,,
30707,6,3.2,,,
30708,1,2.7,,,
30709,4,3.8,,,
30710,10,2.2,3,,
30711,6,3.2,3.8,,
30712,6,1.6,,,
30713,14,1.7,2.5,,
30714,6,2.3,3.7,Intel UHD Graphics 630,
30715,16,3.5,4.4,,
30716,6,2.3,3.9,Intel UHD Graphics 630,
30717,6,3.8,4.9,Intel HD Graphics P630,
30718,4,3.8,4.5,Intel UHD Graphics 630,
30719,2,2.6,,Intel HD Graphics 2000,
30720,2,3.1,,Intel HD Graphics 3000,
30721,8,4.4,4.7,,
30722,8,2.7,3.3,,
30723,8,1.8,2.9,,
30724,2,2.66,,,
30725,2,3.333,,,
30726,4,2.9,,Radeon HD 6550D,
30727,2,2.9,,Intel HD Graphics 2500,
30728,4,3.1,,,
30729,4,4,4.3,Radeon HD 8670D,
30730,8,2.9,3.8,,
30731,8,2.6,3.3,,
30732,8,3.3,4,,
30733,4,2.5,3.7,Intel HD Graphics,
30734,6,3.6,3.8,,
30735,2,4,,Intel HD Graphics 630,
30736,4,4,4.6,Intel HD Graphics 630,
30737,4,2.8,,,
30738,6,3.7,4.7,Intel HD Graphics P630,
30739,4,3.5,3.9,Intel HD Graphics 4600,
30740,6,3.4,4.8,,
30741,4,3.6,,,
30742,6,2.4,3.2,,
30743,2,3.7,4,Radeon R5 (on die),
30744,6,3.4,3.7,,
30745,8,3.4,5,Intel HD Graphics P630,
30746,2,2.6,,,
30747,4,2.8,,,
30748,4,2.66,,,
30749,3,3.3,,,
30750,4,3.2,,,
30751,4,3.7,,,
30752,2,2.8,,Intel HD Graphics 2500,
30753,2,3.5,,Intel HD Graphics 4600,
30754,4,3.6,4,,
30755,2,3.4,,Intel HD Graphics 2500,
30756,4,2.8,3.6,Intel HD Graphics 530,
30757,4,3.5,3.9,,
30758,8,3.2,3.8,,
30759,10,2.4,3.2,,
30760,4,4,,Intel UHD Graphics 630,
30761,2,3.333,,Intel HD Graphics,
30762,2,3.3,,Intel HD Graphics,
30763,4,3.7,,Radeon HD 8670D,
30764,4,3.8,,Radeon HD 7660D,
30765,8,3.2,3.7,,
30766,2,1.86,,,
30767,2,3.6,,Intel HD Graphics,
30768,4,2.66,,,
30769,4,3.5,3.9,Intel HD Graphics 4600,
30770,4,3.5,3.9,Intel HD Graphics P4600,
30771,8,3.3,4.3,,
30772,2,3.4,,,
30773,2,3.2,,Intel HD Graphics 530,
30774,4,3.6,4,Intel HD Graphics P530,
30775,4,3.5,3.9,,
30776,2,3.5,,Radeon Vega 3,
30777,6,2.9,4.1,Intel UHD Graphics 630,
30778,4,2,,Intel HD Graphics 4000,
30779,14,2.3,3.3,,
30780,4,2.9,,,
30781,4,1.8,,,
30782,4,3.7,4,,
30783,2,1.8,,,
30784,2,2.2,,,
30785,2,2.8,,Intel HD Graphics,
30786,4,2.66,,,
30787,4,2.8,,,
30788,4,2.6,,Radeon HD 6530D,
30789,8,3.1,,,
30790,2,3.6,,Intel HD Graphics 4600,
30791,4,3.6,4,Intel HD Graphics P4600,
30792,8,2.9,3.8,,
30793,4,3.7,3.8,,
30794,4,3,3.5,,
30795,8,3.4,4.3,,
30796,4,2.5,3.1,Intel HD Graphics 530,
30797,8,4,4.3,,
30798,6,3.5,4,,
30799,6,2.2,2.7,,
30800,4,3.2,,Intel UHD Graphics 630,
30801,8,3.6,4,,
30802,12,3.5,4.3,,
30803,2,3.4,,Radeon Vega 3,
30804,6,3.3,4.5,,
30805,2,2.7,,Radeon HD 6410D,
30806,2,2.5,,Radeon HD 6410D,
30807,4,3.5,3.8,,
30808,4,4.1,4.5,Intel HD Graphics 630,
30809,6,3.5,4.5,Intel HD Graphics P630,
30810,2,2.8,,,
30811,4,3.33,,,
30812,6,3,,,
30813,2,2.8,,Intel HD Graphics,
30814,3,2.1,,Radeon HD 6530D,
30815,8,3.6,,,
30816,4,3.2,,,
30817,4,3.2,,Intel HD Graphics P4000,
30818,8,4.7,5,,
30819,8,3,3.5,,
30820,12,1.8,2.5,,
30821,4,2.9,,Intel HD Graphics 4600,
30822,4,3.6,4,,
30823,4,2.9,3.9,,
30824,4,2,3,Intel HD Graphics P530,
30825,6,1.7,,,
30826,4,2.2,,Radeon R3 (on die),
30827,8,3.8,4.5,,
30828,6,3.1,4.6,Intel UHD Graphics 630,
30829,6,3.3,4.5,,
30830,4,4,4.9,Intel HD Graphics P630,
30831,6,3.5,3.8,,
30832,4,3.5,,Intel HD Graphics P4000,
30833,4,3.9,4.2,,
30834,4,2.66,,,
30835,2,3.3,,Intel HD Graphics 3000,
30836,2,3.7,3.9,Radeon HD 8370D,
30837,6,3.4,3.7,,
30838,12,2.6,3.2,,
30839,14,2,3,,
30840,4,3,3.5,,
30841,4,3.3,3.7,Intel HD Graphics P630,
30842,4,3.8,4.7,Intel HD Graphics P630,
30843,4,2.6,,,
30844,2,1.6,,,
30845,2,2.2,,,
30846,2,2,,,
30847,2,2.5,,,
30848,2,2.33,,,
30849,2,2.66,,,
30850,4,2.66,,,
30851,4,3.4,,,
30852,2,3.4,,,
30853,6,3.8,,,
30854,2,2.4,,Intel HD Graphics,
30855,4,3.4,,Radeon HD 7660D,
30856,4,3,,,
30857,4,3.2,,Intel HD Graphics,
30858,4,3.3,,Intel HD Graphics,
30859,2,3.2,,Intel HD Graphics,
30860,4,2.8,3.3,Intel HD Graphics 2500,
30861,6,2.1,2.6,,
30862,2,3.7,,Intel HD Graphics 4600,
30863,2,3.1,,Intel HD Graphics,
30864,1,2.9,,,
30865,16,2.4,3.3,,
30866,4,4.1,4.3,Radeon R7 (on-die),
30867,4,3.9,4.1,,
30868,4,3.3,3.7,Radeon R7 (on-die),
30869,6,2.5,3,,
30870,6,3,4.4,,
30871,6,3.4,4.8,,
30872,4,3.2,,Intel HD Graphics P630,
30873,6,3.6,4.8,Intel HD Graphics P630,
30874,2,4.2,,Intel UHD Graphics 630,
30875,2,3.7,,Intel HD Graphics 630,
30876,2,3.33,,Intel HD Graphics,
30877,2,3,,,
30878,2,3.33,,Intel HD Graphics,
30879,2,2.5,,Intel HD Graphics,
30880,2,2.6,,Intel HD Graphics 510,
30881,4,3.4,4.5,Intel HD Graphics P630,
30882,3,2.8,,,
30883,2,2.4,,,
30884,2,2,,,
30885,2,3.33,,,
30886,4,3.2,,,
30887,4,3,,,
30888,1,2.8,,,
30889,4,2.5,,Intel HD Graphics 3000,
30890,8,2.8,,,
30891,4,4.2,,,
30892,2,3,,Radeon HD 7480D,
30893,2,4,4.2,Radeon HD 8000 Series,
30894,2,3.3,,Intel HD Graphics,
30895,4,3.5,3.9,Radeon R7 (on-die),
30896,4,3.6,,,
30897,4,3.5,3.8,,
30898,4,3.5,3.9,Radeon R7 (on-die),
30899,2,3.8,4,Radeon HD 8470D,
30900,4,3.6,4,Radeon R7 (on-die),
30901,8,3.2,3.7,,
30902,2,2.9,,Intel HD Graphics 610,
30903,2,2.9,,Intel HD Graphics 610,
30904,2,3.5,,Intel HD Graphics 630,
30905,4,3.6,3.9,Radeon R7 (on-die),
30906,6,3.3,4.5,Intel HD Graphics P630,
30907,4,2.3,,Intel HD Graphics 4600,
30908,8,2.4,3.1,,
30909,2,1.8,,,
30910,4,3.1,,,
30911,4,4.2,,,
30912,2,3.6,,Intel HD Graphics,
30913,2,3.6,,Intel HD Graphics,
30914,4,2.8,,,
30915,2,3.06,,,
30916,4,2.66,,,
30917,4,2.83,,,
30918,4,3,,,
30919,4,3.1,,,
30920,3,3.2,,,
30921,2,3.1,,Intel HD Graphics,
30922,4,3.3,,,
30923,4,2.5,,Intel HD Graphics 2500,
30924,4,3.2,3.6,Intel HD Graphics P4600,
30925,6,3.3,3.9,,
30926,4,4.1,,Radeon HD 8670D,
30927,2,2.9,,,
30928,2,3.1,,Intel HD Graphics 4400,
30929,6,2.3,,,
30930,8,4,4.3,,
30931,2,3.4,,Intel HD Graphics,
30932,10,3,3.5,,
30933,2,3.6,,Intel HD Graphics 630,
30934,4,2.7,3.3,Intel HD Graphics 630,
30935,4,3.7,4.1,,
30936,16,2.8,4.4,,
30937,4,3.8,4,,
30938,10,3.3,4.1,,
30939,6,3,4.4,,
30940,2,2.5,,,
30941,6,2.6,,,
30942,6,2,,,
30943,4,3.7,4,Radeon R7 (on-die),
30944,4,3,3.5,,
30945,12,3.5,4.4,,
30946,2,3.1,,,
30947,1,1.8,,,
30948,1,1.8,,,
30949,2,3,,,
30950,2,3.1,,,
30951,4,2.9,,,
30952,4,3.2,,,
30953,2,2.4,,,
30954,2,2.4,,,
30955,2,2.93,,,
30956,2,3.06,,,
30957,2,2.83,,,
30958,2,3.16,,,
30959,4,2.33,,,
30960,4,2.5,,,
30961,2,2.9,,Intel HD Graphics,
30962,4,2.6,,,
30963,4,3.1,,,
30964,8,3.3,,,
30965,2,3.2,,Intel HD Graphics,
30966,4,2.4,,,
30967,4,1.6,,Radeon HD 8400,
30968,4,3.7,4,Radeon R7 (on-die),
30969,4,3.4,3.8,Radeon R7 (on-die),
30970,2,3.8,,Intel HD Graphics 4600,
30971,6,3.5,3.8,,
30972,4,3.1,3.8,Radeon R7 (on-die),
30973,4,3.7,4,,
30974,4,3.3,,,
30975,6,1.9,,,
30976,10,2.3,3,,
30977,10,3.1,3.5,,
30978,12,2.3,3.1,,
30979,4,3.3,,,
30980,6,2.7,,,
30981,4,2.5,,Intel HD Graphics 4600,
30982,4,3.6,3.9,Radeon R7 (on-die),
30983,4,3.6,3.9,Radeon R7 (on-die),
30984,2,3.6,,Intel HD Graphics 530,
30985,4,3.5,3.9,Intel HD Graphics P530,
30986,8,2.8,3.3,,
30987,10,3.3,4.5,,
30988,4,3.8,4.2,Intel HD Graphics P630,
30989,2,3,3.4,Radeon R5 (on die),
30990,6,2,,,
30991,4,4,4.6,Intel HD Graphics 630,
30992,4,3.8,4.8,Intel HD Graphics P630,
30993,4,3.7,4.1,Intel HD Graphics P630,
30994,2,2.7,,,
30995,2,3.2,,,
30996,1,1.6,,,
30997,3,2.7,,,
30998,2,3.2,,,
30999,4,2.8,,,
31000,6,2.8,,,
31001,3,2.5,,,
31002,4,2.5,,,
31003,4,2.6,,,
31004,2,2,,,
31005,2,2.13,,,
31006,2,2.66,,,
31007,2,2.66,,,
31008,2,2.66,,,
31009,2,3.46,,Intel HD Graphics,
31010,4,2.53,,,
31011,4,2.93,,,
31012,4,2.83,,,
31013,4,2.66,,,
31014,2,2.5,,Intel HD Graphics 2000,
31015,4,3,,,
31016,6,3.3,,,
31017,2,2.3,,Intel HD Graphics,
31018,2,3.1,,Intel HD Graphics,
31019,2,2.6,,Intel HD Graphics,
31020,4,3.4,,,
31021,4,3.5,,,
31022,4,3.5,,,
31023,4,3.2,,,
31024,2,2.8,,Intel HD Graphics,
31025,2,2.8,,Intel HD Graphics,
31026,4,1.8,,,
31027,2,3.2,3.4,Radeon HD 7480D,
31028,1,2.8,,,
31029,4,2.5,3.5,Radeon HD 8650D,
31030,4,4,4.3,Radeon HD 8670D,
31031,2,3.7,3.9,Radeon HD 8370D,
31032,2,3,,Radeon HD 7480D,
31033,4,4,4.1,,
31034,6,3.9,,,
31035,4,3,,,
31036,2,3.2,,Intel HD Graphics 4600,
31037,4,3.3,3.7,,
31038,6,2.4,,,
31039,4,3.5,3.6,,
31040,2,3.5,3.9,,
31041,4,3.1,3.8,,
31042,2,3.2,3.6,,
31043,2,3.5,,Intel HD Graphics,
31044,8,2.6,3.4,,
31045,12,2.6,3.3,,
31046,12,2.5,3.3,,
31047,6,2.7,,,
31048,4,3.9,4.1,Radeon R7 (on-die),
31049,2,3.3,,Intel HD Graphics 510,
31050,4,3.6,4,,
31051,4,3.5,3.9,,
31052,8,2.8,3.3,,
31053,8,3.2,3.8,,
31054,6,3.4,3.6,,
31055,2,4.1,,Intel HD Graphics 630,
31056,4,2.7,3.3,Intel HD Graphics 630,
31057,4,2.8,3.7,Intel HD Graphics 630,
31058,4,2.9,3.8,Intel HD Graphics 630,
31059,8,3.6,4.5,,
31060,4,3.7,4.1,,
31061,2,3.8,4,Radeon R5 (on die),
31062,4,3,3.7,Intel HD Graphics 2500,
31063,4,3.7,,Intel UHD Graphics 630,
31064,2,3.7,,Intel HD Graphics 4600,
31065,4,3.7,4.3,Intel UHD Graphics 630,
31066,4,3.6,4.5,Intel HD Graphics P630,
31067,4,4,4.9,Intel HD Graphics P630,
31068,2,3.6,,Intel UHD Graphics 610,
31069,2,3.3,,Intel UHD Graphics 610,
31070,4,3.9,4.7,Intel UHD Graphics 630,
31071,4,2.6,,,
31072,8,2,2.5,,
31073,12,2.6,3.2,,
31074,2,3.2,,Intel UHD Graphics 610,
31075,2,2.8,,,
31076,2,2.8,,,
31077,3,2.9,,,
31078,3,3,,,
31079,3,3.1,,,
31080,4,2.8,,,
31081,4,2.8,,,
31082,2,1.6,,,
31083,3,2.2,,,
31084,3,2.5,,,
31085,4,3.4,,,
31086,2,1.6,,,
31087,2,2,,,
31088,2,2.4,,,
31089,2,2,,,
31090,2,2.4,,,
31091,2,2.93,,,
31092,2,3,,,
31093,2,3,,,
31094,2,2.53,,,
31095,2,2.66,,,
31096,2,3,,,
31097,2,3.2,,Intel HD Graphics,
31098,4,2.4,,,
31099,4,3.2,,,
31100,4,2.33,,,
31101,4,2.33,,,
31102,4,2.83,,,
31103,4,2.83,,,
31104,4,3.2,,,
31105,2,2.93,,,
31106,4,2.4,,,
31107,2,3.4,,,
31108,4,3.2,,,
31109,1,2.6,,,
31110,2,2.7,,Radeon HD 6410D,
31111,8,3.6,,,
31112,4,3.1,,,
31113,6,3.3,,,
31114,4,3.2,,,
31115,2,3.2,,,
31116,4,2.8,,,
31117,2,1.9,,Intel HD Graphics,
31118,4,3.1,,Intel HD Graphics,
31119,4,3.4,,,
31120,4,3.5,,Intel HD Graphics P4000,
31121,2,2.7,,Intel HD Graphics,
31122,2,2.8,,Intel HD Graphics,
31123,4,2.5,,,
31124,4,3.8,,,
31125,4,4.1,4.4,Radeon HD 8670D,
31126,2,3.8,4,Radeon HD 8370D,
31127,2,2.7,,Radeon HD 6410D,
31128,2,2.8,,Radeon HD 6410D,
31129,1,2,,Intel HD Graphics,
31130,4,4.2,,,
31131,4,4,4.2,,
31132,2,2.8,,,
31133,2,2.4,,Radeon HD 6370D,
31134,8,3.1,3.8,,
31135,4,2.2,,,
31136,4,3.1,3.8,Radeon R7 (on-die),
31137,2,3.8,4,Radeon HD 8470D,
31138,6,1.9,,,
31139,6,1.6,,,
31140,14,2.3,3.3,,
31141,4,3.5,3.9,,
31142,6,2.6,3.1,,
31143,4,3.1,3.6,Iris Pro Graphics 6200,
31144,2,3.9,,Intel HD Graphics 530,
31145,2,3.3,,Intel HD Graphics 530,
31146,4,2.2,2.8,Intel HD Graphics 530,
31147,4,2.7,3.5,Intel HD Graphics 530,
31148,2,3.5,,Intel HD Graphics 530,
31149,2,2.9,,Intel HD Graphics 510,
31150,2,3,,Intel HD Graphics 530,
31151,2,3.3,,Intel HD Graphics,
31152,6,3.6,3.8,,
31153,2,3.7,,Intel HD Graphics 630,
31154,2,3,,Intel HD Graphics 610,
31155,2,3,,Intel HD Graphics 630,
31156,2,3.4,,Intel HD Graphics 610,
31157,4,3,3.5,,
31158,4,3.3,3.7,Intel HD Graphics P630,
31159,4,3.5,3.9,,
31160,4,3.2,3.6,,
31161,4,2.667,,,
31162,2,3.8,,Intel UHD Graphics 630,
31163,2,3.9,,Intel UHD Graphics 630,
31164,2,3.2,,Intel UHD Graphics 630,
31165,8,2.4,3.1,,
31166,8,2.2,3,,
31167,4,3.7,4.4,,
31168,4,3.7,4.4,,
31169,4,3.8,4.7,Intel HD Graphics P630,
31170,4,3.5,4.5,,
31171,2,3.2,,Intel HD Graphics,
31172,4,3.5,3.7,,
31173,2,4.2,,Intel HD Graphics 630,
31174,4,2.8,3.7,Intel HD Graphics 630,
31175,2,3,,,
31176,1,1.8,,,
31177,3,2.9,,,
31178,3,3,,,
31179,2,3.1,,,
31180,4,2.9,,,
31181,4,3,,,
31182,4,3,,,
31183,2,2.7,,,
31184,2,2.8,,,
31185,2,2.9,,,
31186,3,2.3,,,
31187,3,2.8,,,
31188,3,3,,,
31189,2,2.2,,,
31190,2,2.2,,,
31191,2,1.6,,,
31192,2,1.6,,,
31193,2,1.8,,,
31194,2,1.8,,,
31195,2,2.4,,,
31196,2,2.5,,,
31197,2,2.2,,,
31198,2,2.6,,,
31199,2,2.6,,,
31200,2,2.8,,,
31201,2,2.8,,,
31202,2,1.86,,,
31203,2,2.13,,,
31204,2,2.13,,,
31205,2,2.33,,,
31206,2,3.06,,,
31207,2,2.66,,,
31208,2,2.8,,,
31209,2,2.8,,,
31210,2,3,,,
31211,2,3.16,,,
31212,4,2.53,,,
31213,4,2.66,,,
31214,4,2.5,,,
31215,4,2.5,,,
31216,4,2.66,,,
31217,4,2.66,,,
31218,4,2.66,,,
31219,4,2.93,,,
31220,4,2.93,,,
31221,4,2.8,,,
31222,2,3.2,,,
31223,3,2.8,,,
31224,4,3.5,,,
31225,2,3,,,
31226,2,3.3,,,
31227,4,3.2,,,
31228,4,3.2,,,
31229,4,2.8,,,
31230,1,2.6,,,
31231,4,3,,,
31232,2,3,,Intel HD Graphics,
31233,4,2.9,,Radeon HD 6550D,
31234,2,3,,,
31235,2,2.7,,Intel HD Graphics,
31236,2,3.3,,Intel HD Graphics,
31237,8,4.4,4.7,,
31238,4,2.05,,Radeon HD 8400,
31239,2,2.9,,Intel HD Graphics,
31240,2,2.5,,,
31241,2,2.5,,,
31242,2,2.5,,,
31243,2,2.5,,Radeon HD 6410D,
31244,2,2.5,,Radeon HD 6410D,
31245,2,2.7,,Radeon HD 6410D,
31246,2,3.4,,Radeon HD 7480D,
31247,2,3.5,3.9,Radeon R5 (on die),
31248,1,2,,Intel HD Graphics,
31249,4,3.3,,,
31250,6,3.8,,,
31251,4,3,,,
31252,4,2.7,,,
31253,4,2.7,,,
31254,2,2.4,,Radeon HD 6370D,
31255,2,4.2,,,
31256,6,3.7,4,,
31257,2,3.5,3.9,,
31258,2,3.2,,Intel HD Graphics,
31259,2,2.8,,Intel HD Graphics,
31260,2,3.5,,Intel HD Graphics,
31261,8,2.4,,,
31262,8,2.4,3.2,,
31263,14,2.6,3.6,,
31264,4,2.4,,,
31265,4,1.8,,,
31266,4,3.4,3.8,Intel HD Graphics P4600,
31267,8,3.4,4.3,,
31268,4,2.9,,Intel HD Graphics 4600,
31269,2,3.3,,Intel HD Graphics 530,
31270,2,3.6,,Intel HD Graphics 530,
31271,4,3.3,3.7,Intel HD Graphics P530,
31272,4,3.5,3.8,,
31273,2,3.7,4,Radeon R5 (on die),
31274,4,4,4.2,,
31275,12,2.2,2.9,,
31276,4,2.2,,Radeon R3 (on die),
31277,4,3.7,4,,
31278,2,4,,Intel HD Graphics 630,
31279,2,3,,Intel HD Graphics 610,
31280,2,3.4,,Intel HD Graphics 630,
31281,2,3.5,,Intel HD Graphics 630,
31282,4,2.4,3,Intel HD Graphics 630,
31283,4,4.3,4.5,,
31284,8,1.9,2.4,,
31285,4,2.667,,,
31286,14,3.1,4.4,,
31287,6,3.5,4.5,Intel HD Graphics P630,
31288,4,3.3,4.3,,
31289,4,3.4,4.5,Intel HD Graphics P630,
31290,2,3.1,,Intel HD Graphics,
31291,4,3.8,4.2,Intel HD Graphics P630,
31292,2,2.9,,,
31293,1,2.2,,,
31294,3,2.6,,,
31295,4,2.5,,,
31296,4,2.6,,,
31297,2,1.8,,,
31298,3,2.3,,,
31299,4,2.2,,,
31300,4,2.3,,,
31301,4,2.4,,,
31302,4,3,,,
31303,2,2.4,,,
31304,2,2,,,
31305,2,2.2,,,
31306,2,2.7,,,
31307,2,2.7,,,
31308,2,2.8,,,
31309,2,2.13,,,
31310,2,2.93,,,
31311,2,2.33,,,
31312,2,2.33,,,
31313,2,2.53,,,
31314,2,2.93,,,
31315,2,2.66,,,
31316,2,2.66,,,
31317,2,2.66,,,
31318,2,3.16,,,
31319,4,2.4,,,
31320,4,2.33,,,
31321,4,2.33,,,
31322,4,2.66,,,
31323,4,2.66,,,
31324,4,2.66,,,
31325,4,2.66,,,
31326,4,2.83,,,
31327,4,2.93,,,
31328,4,2.93,,,
31329,4,3,,,
31330,4,3,,,
31331,4,3.2,,,
31332,4,3.2,,,
31333,4,3.2,,,
31334,2,2.93,,,
31335,2,3.1,,,
31336,3,2.7,,,
31337,2,2.8,,,
31338,2,3.2,,,
31339,4,3.6,,,
31340,2,2.9,,,
31341,2,2.9,,,
31342,4,2.8,,,
31343,3,2.8,,,
31344,3,3.4,,,
31345,3,3,,,
31346,2,2.2,,Intel HD Graphics,
31347,4,3.5,,,
31348,4,3.7,,,
31349,4,2.6,,Radeon HD 6530D,
31350,2,4,4.2,Radeon HD 8000 Series,
31351,2,3.4,,Intel HD Graphics,
31352,2,3.2,,Intel HD Graphics,
31353,4,4,,Radeon HD 8670D,
31354,2,3.8,4,Radeon HD 8370D,
31355,2,3.2,3.4,Radeon HD 7480D,
31356,6,3.6,3.9,,
31357,8,3.1,,,
31358,8,3.2,4.1,,
31359,2,2.8,,,
31360,8,3.2,4,,
31361,8,3.3,4.3,,
31362,4,2,,,
31363,2,3.5,3.9,Radeon R5 (on die),
31364,2,3.2,,Intel HD Graphics,
31365,2,3.8,,Intel HD Graphics 530,
31366,4,3.4,3.8,,
31367,2,3.5,,Intel HD Graphics 630,
31368,4,4,4.2,,
31369,8,2.5,3.3,,
31370,4,3.8,4.2,,
31371,2,3.8,4,Radeon R5 (on die),
31372,4,3.2,3.6,,
31373,4,3.5,4.5,,
