model_no,socket,RAM_slots,storage_slots,has_wifi
70001,AM5,4,,true
70002,AM5,4,,true
70003,LGA1700,4,,true
70004,LGA1700,4,,true
70005,AM4,4,,false
70006,AM4,2,,false
70007,AM5,4,,true
70008,AM5,4,,false
70009,AM4,4,,true
70010,AM5,4,,true
70011,LGA1700,4,,false
70012,AM5,4,,false
70013,LGA1700,4,,true
70014,AM5,4,,true
70015,LGA1700,4,,true
70016,AM4,4,,true
70017,AM4,4,,true
70018,AM5,4,,true
70019,AM5,2,,true
70020,AM4,4,,true
70021,AM5,4,,true
70022,AM5,4,,false
70023,AM5,4,,true
70024,AM5,4,,false
70025,LGA1700,4,,false
70026,AM4,4,,false
70027,AM5,4,,false
70028,LGA1700,4,,false
70029,AM4,4,,false
70030,LGA1700,4,,true
70031,sTRX4,8,,false
70032,AM5,4,,false
70033,LGA1700,4,,true
70034,LGA1700,4,,false
70035,AM4,2,,false
70036,AM4,4,,true
70037,LGA1700,4,,true
70038,AM5,4,,true
70039,AM4,4,,false
70040,AM5,2,,true
70041,LGA1700,4,,true
70042,AM4,4,,false
70043,AM5,2,,false
70044,LGA1700,2,,false
70045,AM5,4,,false
70046,LGA1700,4,,true
70047,LGA1700,2,,true
70048,AM4,4,,false
70049,AM4,2,,false
70050,AM4,4,,false
70051,AM4,4,,false
70052,LGA1700,2,,false
70053,LGA1700,4,,false
70054,AM4,4,,true
70055,AM5,4,,false
70056,AM5,4,,true
70057,AM4,4,,false
70058,AM4,4,,true
70059,AM5,4,,false
70060,AM5,4,,true
70061,LGA1700,4,,false
70062,AM5,4,,false
70063,LGA1700,2,,false
70064,AM4,4,,false
70065,AM4,4,,false
70066,AM4,4,,false
70067,AM5,2,,true
70068,AM5,4,,false
70069,AM4,4,,true
70070,AM4,4,,false
70071,LGA1700,2,,false
70072,AM5,4,,true
70073,AM5,2,,false
70074,AM5,2,,true
70075,AM5,2,,false
70076,AM4,4,,false
70077,AM5,4,,true
70078,AM5,2,,false
70079,LGA1700,2,,true
70080,AM4,2,,false
70081,LGA1700,4,,false
70082,AM4,4,,false
70083,LGA1700,4,,false
70084,AM5,4,,false
70085,AM4,2,,false
70086,AM4,4,,false
70087,AM4,2,,false
70088,AM5,4,,true
70089,AM5,2,,false
70090,LGA1700,4,,true
70091,AM5,4,,true
70092,LGA1700,4,,false
70093,AM5,4,,false
70094,LGA1700,4,,true
70095,LGA1700,4,,true
70096,LGA1200,2,,false
70097,LGA1700,4,,true
70098,sTRX4,8,,false
70099,AM5,4,,false
70100,AM4,2,,false
70101,AM5,4,,false
70102,LGA1700,4,,false
70103,AM4,4,,false
70104,LGA1700,4,,true
70105,LGA1700,4,,true
70106,AM5,4,,false
70107,AM5,4,,true
70108,AM4,4,,false
70109,AM5,4,,false
70110,AM5,4,,true
70111,AM4,4,,false
70112,LGA1700,2,,true
70113,LGA1700,2,,false
70114,LGA1700,4,,true
70115,AM5,4,,true
70116,AM5,4,,true
70117,LGA1700,4,,false
70118,LGA1700,4,,false
70119,AM5,4,,false
70120,AM4,4,,false
70121,AM5,4,,true
70122,LGA1700,4,,false
70123,AM4,2,,false
70124,AM4,4,,false
70125,AM4,4,,false
70126,LGA1700,4,,true
70127,LGA1700,4,,true
70128,LGA1700,4,,false
70129,LGA1700,2,,false
70130,AM5,4,,true
70131,AM5,4,,true
70132,AM5,4,,true
70133,LGA1700,4,,true
70134,AM5,4,,false
70135,AM4,2,,false
70136,LGA1700,4,,false
70137,AM4,2,,false
70138,AM4,4,,false
70139,AM5,2,,true
70140,LGA1700,4,,true
70141,AM5,4,,false
70142,AM4,4,,false
70143,LGA1700,4,,true
70144,LGA1700,4,,true
70145,LGA1700,4,,false
70146,LGA1700,4,,true
70147,AM5,4,,false
70148,sTRX4,8,,true
70149,AM4,4,,true
70150,LGA1700,4,,true
70151,AM5,4,,true
70152,LGA1151,2,,false
70153,AM4,2,,false
70154,LGA1700,4,,true
70155,LGA1700,4,,true
70156,LGA1700,4,,true
70157,AM5,4,,true
70158,LGA1700,2,,true
70159,AM4,4,,false
70160,LGA1700,4,,false
70161,AM4,4,,false
70162,LGA1700,4,,true
70163,AM5,4,,false
70164,AM4,2,,false
70165,AM4,4,,false
70166,LGA1700,4,,true
70167,LGA1700,2,,false
70168,LGA1200,2,,false
70169,LGA1700,4,,true
70170,AM4,2,,false
70171,AM4,4,,false
70172,AM5,4,,true
70173,LGA1700,4,,true
70174,AM5,4,,true
70175,LGA775,2,,false
70176,LGA1700,4,,false
70177,AM4,4,,false
70178,LGA1700,4,,false
70179,AM5,4,,true
70180,AM5,4,,true
70181,AM5,4,,false
70182,LGA1700,4,,true
70183,AM5,4,,true
70184,AM4,4,,false
70185,LGA1700,4,,true
70186,LGA1200,2,,true
70187,LGA1700,4,,true
70188,AM5,4,,true
70189,AM5,4,,false
70190,LGA1700,2,,false
70191,AM5,2,,false
70192,LGA1700,2,,true
70193,LGA1700,4,,true
70194,AM4,2,,false
70195,LGA1700,4,,true
70196,LGA1700,4,,true
70197,AM5,4,,false
70198,AM4,4,,false
70199,LGA1700,4,,true
70200,AM4,4,,false
70201,AM4,4,,false
70202,LGA1700,4,,false
70203,AM4,2,,false
70204,LGA1700,4,,false
70205,LGA1700,2,,false
70206,AM4,4,,false
70207,AM5,4,,false
70208,AM5,4,,false
70209,LGA1700,4,,false
70210,AM4,4,,false
70211,AM4,4,,false
70212,sTRX4,8,,false
70213,AM5,4,,false
70214,AM5,4,,false
70215,LGA1700,4,,true
70216,LGA1700,4,,true
70217,LGA1700,4,,false
70218,AM5,4,,false
70219,LGA1700,2,,false
70220,LGA1700,4,,true
70221,LGA1151,4,,false
70222,LGA1700,4,,true
70223,AM5,2,,false
70224,LGA1700,2,,false
70225,LGA1700,2,,true
70226,AM5,2,,false
70227,LGA1700,4,,true
70228,LGA1700,4,,false
70229,AM5,4,,false
70230,AM5,4,,false
70231,LGA1700,4,,false
70232,LGA1700,4,,true
70233,LGA1151,4,,false
70234,AM5,4,,false
70235,AM5,4,,false
70236,LGA1151,2,,false
70237,AM4,2,,false
70238,LGA1700,4,,true
70239,AM4,4,,false
70240,AM4,4,,false
70241,LGA1151,4,,false
70242,LGA1700,4,,false
70243,LGA1700,4,,true
70244,LGA1700,4,,true
70245,AM4,4,,false
70246,AM5,4,,true
70247,AM4,4,,false
70248,AM4,2,,false
70249,AM5,4,,false
70250,LGA1700,4,,true
70251,AM5,4,,false
70252,LGA1700,4,,true
70253,LGA1151,4,,true
70254,AM4,4,,false
70255,LGA1700,2,,false
70256,LGA1700,4,,true
70257,LGA1700,4,,true
70258,LGA1700,2,,false
70259,LGA1700,4,,true
70260,LGA1700,4,,false
70261,AM4,4,,true
70262,LGA1700,4,,false
70263,AM4,4,,true
70264,AM4,4,,false
70265,AM5,2,,true
70266,AM5,4,,false
70267,AM5,4,,false
70268,AM4,4,,false
70269,AM4,4,,false
70270,LGA1700,4,,false
70271,LGA1700,4,,false
70272,LGA1200,2,,false
70273,LGA1700,4,,false
70274,LGA1200,4,,false
70275,LGA1700,4,,true
70276,LGA1700,2,,false
70277,AM4,4,,false
70278,LGA1700,4,,false
70279,AM4,4,,false
70280,LGA1150,4,,false
70281,LGA1200,2,,false
70282,LGA1200,4,,true
70283,LGA1700,4,,true
70284,LGA1700,4,,false
70285,AM4,2,,false
70286,LGA1700,4,,false
70287,AM4,4,,false
70288,AM5,2,,false
70289,LGA1700,4,,false
70290,LGA1700,4,,false
70291,AM5,4,,true
70292,LGA1700,4,,true
70293,LGA1700,4,,false
70294,LGA1200,4,,false
70295,AM4,4,,false
70296,AM5,4,,true
70297,LGA1700,4,,false
70298,LGA1700,4,,false
70299,LGA1700,4,,false
70300,AM4,2,,false
70301,AM5,4,,true
70302,LGA1700,4,,true
70303,LGA1700,4,,false
70304,LGA1700,4,,false
70305,LGA1700,2,,false
70306,LGA1700,2,,true
70307,LGA1200,4,,true
70308,AM4,4,,true
70309,AM5,4,,false
70310,LGA1700,4,,true
70311,LGA1700,4,,true
70312,AM4,4,,false
70313,AM4,2,,false
70314,LGA1700,4,,true
70315,LGA2011-3,8,,false
70316,AM5,4,,false
70317,AM4,2,,true
70318,LGA1700,4,,true
70319,LGA1700,4,,false
70320,AM5,4,,false
70321,LGA1700,2,,false
70322,AM4,4,,false
70323,AM4,4,,true
70324,AM5,4,,false
70325,AM4,4,,false
70326,LGA1151,4,,false
70327,LGA1700,4,,false
70328,LGA1700,4,,false
70329,AM4,4,,false
70330,LGA1700,2,,true
70331,AM4,4,,false
70332,AM5,4,,false
70333,LGA1700,2,,false
70334,LGA1700,4,,false
70335,LGA1151,4,,false
70336,LGA1700,4,,true
70337,LGA1700,4,,true
70338,LGA1700,2,,false
70339,AM4,4,,false
70340,LGA1200,4,,true
70341,LGA1700,4,,true
70342,LGA1700,4,,true
70343,AM4,4,,true
70344,LGA1700,2,,true
70345,LGA1700,4,,true
70346,AM4,2,,false
70347,LGA1700,4,,true
70348,AM5,4,,false
70349,LGA1700,4,,true
70350,LGA1700,2,,false
70351,LGA1151,2,,true
70352,LGA1700,4,,true
70353,AM5,4,,false
70354,LGA1200,2,,false
70355,LGA1200,2,,false
70356,LGA1700,4,,false
70357,AM4,4,,true
70358,LGA1151,4,,false
70359,LGA1700,4,,false
70360,AM4,4,,false
70361,AM4,4,,false
70362,LGA1700,4,,false
70363,AM4,4,,false
70364,LGA1700,2,,true
70365,LGA1700,4,,false
70366,AM4,2,,false
70367,AM4,4,,false
70368,LGA1700,4,,false
70369,AM4,4,,false
70370,AM4,2,,false
70371,AM5,2,,false
70372,AM4,4,,false
70373,2 x LGA2011-3,16,,false
70374,AM4,4,,true
70375,LGA1151,4,,false
70376,AM4,4,,false
70377,AM4,4,,false
70378,AM5,4,,false
70379,AM4,2,,false
70380,LGA1700,4,,false
70381,AM4,2,,false
70382,AM4,4,,false
70383,AM5,4,,false
70384,LGA1700,4,,true
70385,LGA1700,4,,true
70386,LGA1700,4,,false
70387,LGA1700,2,,false
70388,AM5,4,,false
70389,LGA1151,2,,false
70390,LGA1700,4,,false
70391,LGA1700,4,,false
70392,LGA1700,4,,true
70393,AM4,4,,false
70394,AM4,2,,false
70395,LGA1700,4,,true
70396,LGA1700,4,,false
70397,LGA1700,4,,true
70398,LGA1700,4,,false
70399,AM4,4,,false
70400,AM5,4,,false
70401,AM4,4,,false
70402,AM4,4,,false
70403,AM4,4,,true
70404,LGA1700,4,,true
70405,LGA1700,4,,false
70406,LGA1700,2,,false
70407,LGA1700,4,,false
70408,AM4,4,,false
70409,AM4,4,,true
70410,LGA1700,4,,false
70411,LGA1700,4,,false
70412,LGA1700,4,,true
70413,LGA1700,4,,true
70414,AM5,2,,true
70415,AM4,4,,false
70416,AM4,4,,false
70417,AM4,4,,true
70418,AM5,4,,false
70419,LGA1200,2,,false
70420,AM4,4,,false
70421,AM4,2,,false
70422,LGA1200,2,,false
70423,LGA1700,4,,true
70424,LGA1700,2,,false
70425,LGA1200,4,,false
70426,AM5,4,,false
70427,AM4,4,,false
70428,LGA1151,4,,false
70429,LGA1151,4,,false
70430,AM4,4,,false
70431,LGA2011-3,8,,false
70432,LGA1700,4,,false
70433,LGA1700,4,,true
70434,AM4,4,,false
70435,LGA1151,4,,true
70436,LGA1200,4,,false
70437,LGA1700,2,,false
70438,LGA1700,2,,false
70439,sTR4,8,,false
70440,LGA1700,4,,false
70441,AM4,4,,false
70442,AM4,4,,true
70443,LGA1151,4,,false
70444,LGA1151,4,,false
70445,LGA1700,4,,false
70446,LGA1200,4,,true
70447,LGA1700,4,,true
70448,LGA1155,4,,false
70449,LGA1151,4,,false
70450,AM4,4,,false
70451,LGA775,2,,false
70452,AM4,4,,false
70453,LGA1700,4,,true
70454,LGA1700,4,,false
70455,LGA1700,4,,true
70456,LGA1700,4,,false
70457,AM4,2,,false
70458,AM4,4,,true
70459,LGA1700,4,,false
70460,LGA2066,8,,false
70461,LGA1200,4,,false
70462,sTRX4,8,,false
70463,AM4,4,,false
70464,LGA1200,4,,false
70465,LGA1700,2,,false
70466,LGA1200,4,,true
70467,AM4,2,,false
70468,AM4,4,,false
70469,LGA1150,2,,false
70470,LGA1700,2,,false
70471,AM4,4,,false
70472,LGA1700,4,,false
70473,LGA1200,4,,true
70474,LGA1151,4,,false
70475,AM4,4,,false
70476,LGA1700,4,,false
70477,LGA1700,4,,false
70478,LGA1151,4,,false
70479,LGA1700,4,,false
70480,AM4,4,,false
70481,LGA1700,4,,false
70482,AM5,4,,true
70483,AM4,4,,false
70484,LGA1700,4,,false
70485,AM4,2,,false
70486,AM5,4,,true
70487,LGA1700,4,,false
70488,AM5,4,,false
70489,AM5,4,,false
70490,AM4,4,,false
70491,LGA1150,4,,false
70492,AM4,4,,false
70493,LGA1700,4,,false
70494,AM4,4,,false
70495,LGA1700,2,,false
70496,FM2+,2,,false
70497,LGA1700,4,,true
70498,AM5,4,,false
70499,AM4,2,,false
70500,AM4,4,,false
70501,AM5,2,,false
70502,AM4,2,,false
70503,LGA2011,8,,false
70504,AM4,2,,true
70505,LGA1700,4,,true
70506,LGA1155,4,,false
70507,AM4,4,,false
70508,LGA1151,2,,false
70509,LGA1700,4,,false
70510,LGA1700,4,,false
70511,LGA1700,4,,true
70512,LGA1200,4,,true
70513,AM3+/AM3,4,,false
70514,LGA1151,2,,false
70515,LGA1700,2,,false
70516,AM4,4,,true
70517,LGA1700,4,,true
70518,AM5,4,,false
70519,LGA1700,4,,true
70520,2 x LGA2011-3 Narrow,16,,false
70521,LGA1151,2,,false
70522,LGA1700,4,,false
70523,AM4,4,,false
70524,LGA1150,4,,false
70525,LGA1700,4,,false
70526,AM4,4,,false
70527,AM4,4,,false
70528,AM4,4,,false
70529,LGA1700,4,,false
70530,LGA1151,4,,false
70531,LGA1700,4,,false
70532,AM4,2,,false
70533,AM4,4,,false
70534,LGA1151,4,,false
70535,LGA1151,4,,false
70536,AM4,4,,true
70537,LGA1700,4,,false
70538,AM4,4,,false
70539,LGA1151,4,,false
70540,AM4,4,,false
70541,AM4,4,,false
70542,AM5,2,,false
70543,LGA1151,4,,false
70544,LGA1700,4,,false
70545,LGA1700,4,,false
70546,LGA775,4,,false
70547,LGA1700,4,,true
70548,LGA1151,2,,false
70549,LGA1200,2,,false
70550,AM4,4,,false
70551,LGA1700,4,,false
70552,LGA1700,4,,false
70553,AM4,4,,false
70554,LGA1700,4,,false
70555,LGA1700,4,,false
70556,LGA1700,2,,false
70557,LGA1700,4,,false
70558,AM4,4,,true
70559,LGA2066,8,,false
70560,LGA1151,4,,false
70561,AM5,4,,true
70562,LGA1700,4,,true
70563,LGA1200,4,,false
70564,LGA1700,4,,false
70565,LGA1151,4,,false
70566,AM5,4,,false
70567,AM4,4,,false
70568,AM4,4,,false
70569,AM4,4,,false
70570,AM4,4,,false
70571,AM5,4,,false
70572,LGA1700,2,,false
70573,sTRX4,8,,true
70574,LGA1151,4,,false
70575,LGA1700,4,,false
70576,LGA1200,2,,true
70577,LGA1700,4,,true
70578,AM4,4,,false
70579,LGA1151,4,,false
70580,LGA1700,4,,false
70581,AM4,2,,false
70582,AM4,4,,false
70583,LGA1151,4,,false
70584,LGA1700,4,,false
70585,AM4,4,,false
70586,LGA1200,4,,false
70587,LGA1700,4,,false
70588,LGA1200,2,,false
70589,LGA1200,4,,false
70590,LGA1700,4,,false
70591,2 x LGA2011-3,16,,false
70592,AM5,2,,false
70593,LGA1700,4,,false
70594,AM4,4,,false
70595,LGA1700,4,,false
70596,LGA1700,2,,false
70597,LGA1700,2,,false
70598,LGA1200,4,,false
70599,LGA1700,4,,true
70600,LGA1700,4,,true
70601,LGA1200,4,,false
70602,AM4,4,,false
70603,AM4,2,,false
70604,AM4,2,,true
70605,AM4,4,,false
70606,LGA1700,4,,false
70607,LGA1151,4,,false
70608,AM4,4,,false
70609,LGA1700,4,,false
70610,LGA1700,2,,false
70611,AM5,2,,false
70612,AM4,4,,false
70613,LGA1700,2,,false
70614,AM4,4,,false
70615,LGA1700,2,,false
70616,LGA1200,4,,false
70617,AM4,2,,false
70618,LGA1200,4,,true
70619,AM5,4,,false
70620,LGA1700,4,,true
70621,AM4,4,,true
70622,LGA1700,4,,false
70623,LGA1700,2,,false
70624,LGA1700,4,,true
70625,sTRX4,8,,false
70626,LGA1200,4,,false
70627,LGA1700,4,,false
70628,LGA1151,4,,false
70629,LGA1151,4,,false
70630,AM4,4,,false
70631,AM4,2,,false
70632,AM4,2,,false
70633,LGA1700,4,,false
70634,LGA1700,4,,false
70635,LGA2066,8,,false
70636,AM4,2,,false
70637,LGA1200,2,,false
70638,LGA1700,2,,false
70639,LGA1150,4,,false
70640,AM4,2,,false
70641,LGA1155,4,,false
70642,LGA1700,4,,true
70643,LGA1150,2,,false
70644,LGA2011,8,,false
70645,AM4,2,,false
70646,LGA1151,4,,false
70647,AM5,4,,false
70648,LGA1700,4,,false
70649,AM4,4,,false
70650,AM4,4,,false
70651,AM4,4,,false
70652,LGA1700,2,,false
70653,AM4,4,,true
70654,AM4,4,,false
70655,LGA1700,2,,false
70656,LGA1700,4,,false
70657,LGA1200,4,,false
70658,AM4,4,,false
70659,LGA1200,4,,false
70660,LGA1700,2,,false
70661,AM4,4,,true
70662,AM4,4,,false
70663,sTRX4,8,,false
70664,LGA1700,4,,false
70665,AM4,2,,false
70666,AM4,4,,true
70667,AM5,2,,true
70668,AM4,4,,false
70669,LGA1155,2,,false
70670,LGA1151,4,,false
70671,AM4,2,,false
70672,LGA1700,4,,false
70673,AM4,4,,false
70674,LGA1151,2,,false
70675,AM4,4,,false
70676,LGA1151,4,,false
70677,LGA1700,4,,false
70678,LGA1700,4,,false
70679,AM5,4,,false
70680,LGA1151,4,,false
70681,LGA1151,2,,false
70682,LGA1700,4,,false
70683,AM4,4,,false
70684,LGA1700,4,,false
70685,AM4,4,,false
70686,LGA1700,4,,false
70687,LGA1151,4,,false
70688,LGA1200,4,,true
70689,LGA1151,4,,false
70690,LGA1151,4,,false
70691,AM4,4,,false
70692,LGA1700,4,,false
70693,LGA1700,4,,false
70694,AM3+,4,,false
70695,LGA2011-3,8,,false
70696,LGA1700,2,,false
70697,LGA1200,4,,false
70698,AM4,4,,false
70699,FM2+,2,,false
70700,LGA1200,4,,false
70701,AM4,4,,true
70702,LGA1700,4,,false
70703,LGA1200,4,,false
70704,sTRX4,8,,false
70705,AM4,2,,false
70706,AM4,4,,true
70707,LGA1700,2,,false
70708,AM4,4,,false
70709,AM4,2,,false
70710,LGA1200,2,,false
70711,LGA1700,2,,false
70712,LGA1700,2,,false
70713,AM4,4,,false
70714,AM4,4,,false
70715,LGA1151,4,,false
70716,LGA1151,4,,false
70717,LGA1200,2,,false
70718,LGA1700,4,,false
70719,LGA1200,4,,false
70720,AM4,4,,false
70721,LGA1151,4,,false
70722,LGA1155,2,,false
70723,LGA1200,4,,false
70724,LGA1151,2,,true
70725,AM4,4,,false
70726,LGA1200,4,,false
70727,AM4,2,,false
70728,LGA1200,4,,false
70729,LGA1151,4,,false
70730,AM4,4,,false
70731,LGA1700,4,,false
70732,LGA1200,2,,false
70733,LGA1700,4,,false
70734,AM4,4,,false
70735,LGA1151,4,,false
70736,LGA1151,2,,false
70737,LGA1700,4,,false
70738,AM5,4,,true
70739,LGA1700,4,,true
70740,LGA1151,4,,false
70741,AM4,2,,false
70742,LGA1200,4,,false
70743,LGA1700,2,,false
70744,LGA2066,8,,false
70745,AM4,4,,false
70746,LGA1151,4,,false
70747,LGA2011-3 Narrow,8,,false
70748,LGA1700,4,,false
70749,LGA1151,4,,false
70750,LGA1700,2,,false
70751,LGA1151,4,,false
70752,LGA775,2,,false
70753,LGA1150,4,,false
70754,LGA1151,4,,false
70755,LGA2011-3,4,,false
70756,AM4,4,,false
70757,LGA1151,4,,false
70758,AM4,4,,false
70759,LGA1700,4,,true
70760,LGA1151,4,,false
70761,LGA1200,4,,true
70762,LGA1700,4,,true
70763,LGA1200,4,,false
70764,AM4,4,,false
70765,LGA1200,4,,true
70766,AM3+,4,,false
70767,LGA1200,4,,true
70768,LGA1700,4,,false
70769,AM4,4,,false
70770,LGA1700,4,,false
70771,LGA1150,4,,false
70772,AM4,4,,false
70773,AM4,4,,false
70774,LGA1200,2,,false
70775,LGA1151,4,,false
70776,LGA1700,4,,false
70777,AM4,4,,false
70778,AM5,4,,false
70779,AM4,4,,false
70780,sTRX4,8,,false
70781,LGA1151,4,,false
70782,LGA1700,2,,false
70783,AM4,4,,true
70784,LGA1700,4,,false
70785,LGA1200,4,,true
70786,AM4,2,,false
70787,LGA1700,2,,false
70788,AM4,4,,false
70789,LGA1151,4,,false
70790,AM5,4,,false
70791,LGA1200,4,,false
70792,LGA1151,4,,false
70793,AM3+,4,,false
70794,LGA1155,2,,false
70795,AM4,2,,false
70796,LGA1700,4,,true
70797,LGA1700,2,,false
70798,LGA1150,4,,false
70799,LGA1200,4,,true
70800,LGA1151,2,,false
70801,LGA1151,2,,false
70802,LGA2066,8,,false
70803,AM4,4,,false
70804,AM5,4,,false
70805,AM4,4,,false
70806,LGA1700,4,,false
70807,LGA1200,4,,false
70808,LGA1151,4,,false
70809,LGA1151,2,,false
70810,LGA1200,2,,false
70811,LGA1200,4,,true
70812,AM4,4,,false
70813,LGA1700,4,,false
70814,LGA1700,4,,false
70815,LGA1700,4,,false
70816,LGA2011,8,,false
70817,LGA1700,4,,false
70818,LGA1200,4,,false
70819,AM4,2,,true
70820,LGA1151,2,,false
70821,LGA1700,4,,true
70822,LGA1151,4,,false
70823,AM4,4,,false
70824,AM4,4,,false
70825,AM4,4,,false
70826,LGA1700,4,,false
70827,AM5,4,,true
70828,LGA1150,4,,false
70829,LGA1200,4,,true
70830,LGA1151,2,,false
70831,LGA1150,4,,false
70832,LGA1151,4,,false
70833,AM4,4,,false
70834,AM4,4,,false
70835,LGA1700,4,,false
70836,LGA1150,2,,false
70837,LGA1151,2,,false
70838,LGA1700,4,,false
70839,LGA1151,4,,false
70840,AM4,4,,false
70841,LGA1151,4,,false
70842,LGA1151,4,,false
70843,AM4,4,,true
70844,AM4,2,,false
70845,LGA1200,4,,false
70846,AM4,4,,false
70847,AM4,2,,false
70848,AM3+,4,,false
70849,LGA1200,2,,true
70850,LGA1700,2,,false
70851,LGA2066,4,,false
70852,LGA1155,4,,false
70853,LGA1700,4,,false
70854,LGA1151,2,,false
70855,LGA1151,4,,false
70856,LGA1151,4,,false
70857,LGA1151,4,,false
70858,LGA1700,4,,false
70859,LGA1200,4,,false
70860,LGA1700,4,,true
70861,LGA1700,4,,false
70862,LGA1700,4,,false
70863,AM4,4,,false
70864,LGA1200,4,,false
70865,AM4,2,,false
70866,LGA1700,4,,false
70867,AM5,2,,true
70868,AM4,4,,false
70869,AM4,4,,false
70870,LGA1200,2,,false
70871,AM4,4,,false
70872,LGA1700,2,,false
70873,LGA1200,4,,false
70874,LGA1700,4,,true
70875,LGA1200,4,,false
70876,2 x LGA2011-3 Narrow,16,,false
70877,LGA775,2,,false
70878,sTRX4,8,,false
70879,AM1,2,,false
70880,LGA1200,4,,false
70881,LGA1150,4,,false
70882,LGA1200,2,,false
70883,AM4,2,,false
70884,AM4,4,,false
70885,LGA1151,4,,false
70886,AM4,4,,false
70887,LGA1700,2,,true
70888,AM5,4,,false
70889,AM4,4,,false
70890,LGA1700,4,,false
70891,LGA1700,4,,true
70892,AM5,4,,false
70893,LGA1700,4,,false
70894,LGA1200,4,,false
70895,AM4,4,,false
70896,AM4,4,,false
70897,LGA1700,4,,false
70898,LGA1700,2,,true
70899,LGA1200,4,,false
70900,LGA1151,2,,false
70901,AM4,4,,false
70902,sTRX4,8,,false
70903,LGA1151,4,,false
70904,LGA1700,4,,false
70905,LGA1700,4,,true
70906,AM4,4,,false
70907,AM4,4,,false
70908,AM4,4,,false
70909,LGA1700,2,,false
70910,LGA1151,4,,false
70911,LGA1700,2,,false
70912,LGA1155,2,,false
70913,LGA1200,4,,false
70914,LGA1200,4,,false
70915,LGA1200,4,,true
70916,LGA1151,2,,false
70917,AM4,2,,true
70918,LGA1150,4,,false
70919,LGA1150,4,,false
70920,LGA1700,4,,true
70921,LGA1700,4,,false
70922,AM4,4,,false
70923,AM4,4,,false
70924,LGA1700,4,,false
70925,LGA1700,4,,false
70926,LGA1700,4,,false
70927,FM2,2,,false
70928,AM4,4,,false
70929,LGA2011-3,8,,false
70930,AM4,2,,false
70931,LGA1151,2,,false
70932,sTRX4,8,,false
70933,AM4,4,,false
70934,AM4,4,,false
70935,LGA1200,2,,false
70936,AM5,4,,false
70937,LGA1200,4,,false
70938,AM4,4,,false
70939,LGA1151,2,,false
70940,sTRX4,8,,false
70941,AM4,2,,false
70942,sTR4,4,,false
70943,LGA1700,6,,true
70944,LGA1700,2,,true
70945,LGA1151,2,,false
70946,LGA1151,4,,false
70947,LGA1151,2,,false
70948,AM4,2,,false
70949,LGA1200,4,,false
70950,AM3+,4,,false
70951,LGA1151,4,,false
70952,LGA2066,8,,false
70953,LGA2011-3,8,,false
70954,LGA1150,4,,false
70955,AM4,4,,false
70956,LGA1151,2,,false
70957,AM4,4,,false
70958,LGA1151,4,,false
70959,LGA1200,2,,false
70960,AM4,4,,false
70961,AM4,4,,false
70962,LGA1151,4,,false
70963,AM4,4,,false
70964,LGA1151,4,,false
70965,AM3+,4,,false
70966,AM4,4,,false
70967,AM4,4,,false
70968,LGA1151,4,,false
70969,LGA1700,2,,false
70970,LGA1151,2,,false
70971,LGA1151,2,,false
70972,AM4,4,,false
70973,LGA1700,4,,true
70974,AM5,4,,true
70975,LGA1700,2,,false
70976,LGA1155,4,,false
70977,AM4,4,,false
70978,AM4,4,,false
70979,LGA1700,4,,false
70980,AM3,4,,false
70981,LGA1200,4,,false
70982,LGA1200,2,,false
70983,LGA1200,2,,false
70984,AM4,2,,false
70985,AM4,4,,false
70986,LGA1700,4,,false
70987,LGA1151,4,,false
70988,LGA1700,2,,false
70989,LGA1151,4,,false
70990,LGA1151,4,,false
70991,AM4,4,,false
70992,LGA1700,4,,false
70993,LGA1700,4,,false
70994,LGA1155,2,,false
70995,AM4,4,,false
70996,LGA1200,4,,false
70997,LGA1700,2,,false
70998,AM4,4,,false
70999,LGA1200,4,,true
71000,LGA1151,4,,false
71001,LGA1700,4,,false
71002,LGA1700,4,,false
71003,LGA1200,4,,false
71004,LGA1700,4,,false
71005,LGA2011-3,8,,false
71006,LGA775,4,,false
71007,AM4,2,,false
71008,LGA1700,2,,false
71009,LGA1200,4,,false
71010,LGA1151,4,,false
71011,LGA1151,4,,false
71012,LGA1200,2,,false
71013,LGA1151,2,,false
71014,LGA1200,2,,false
71015,LGA1700,4,,false
71016,LGA1700,4,,false
71017,LGA1700,4,,false
71018,LGA2011-3,8,,false
71019,sTR4,8,,false
71020,LGA1700,4,,true
71021,AM4,2,,false
71022,LGA1150,4,,false
71023,LGA1151,2,,false
71024,AM4,4,,false
71025,LGA1151,4,,false
71026,LGA2066,8,,false
71027,LGA1150,4,,false
71028,LGA1151,4,,false
71029,FM2+,4,,false
71030,LGA1151,4,,false
71031,AM4,4,,false
71032,LGA1151,4,,false
71033,LGA1200,4,,false
71034,LGA1151,2,,false
71035,AM4,4,,false
71036,LGA1151,4,,false
71037,LGA1151,2,,false
71038,LGA1200,4,,false
71039,LGA1151,2,,false
71040,LGA1700,4,,true
71041,LGA1700,2,,false
71042,LGA1151,4,,false
71043,sTR4,8,,false
71044,LGA1151,4,,false
71045,sTR4,8,,false
71046,LGA1700,4,,false
71047,LGA1151,4,,true
71048,LGA1700,4,,true
71049,LGA1700,4,,false
71050,AM4,4,,false
71051,LGA1700,4,,false
71052,LGA1700,2,,false
71053,LGA1151,2,,false
71054,LGA1151,4,,false
71055,LGA1151,2,,false
71056,LGA1200,4,,false
71057,LGA1700,4,,false
71058,LGA1700,2,,false
71059,LGA1700,4,,true
71060,LGA1200,2,,false
71061,LGA1200,4,,false
71062,LGA1200,4,,false
71063,LGA1151,4,,false
71064,LGA1150,2,,false
71065,LGA1200,4,,true
71066,LGA1151,4,,false
71067,LGA1151,4,,false
71068,LGA1151,4,,false
71069,LGA1151,4,,false
71070,AM5,4,,false
71071,LGA1700,4,,false
71072,LGA2011-3,8,,false
71073,LGA1151,2,,false
71074,LGA1200,4,,false
71075,LGA1200,4,,false
71076,LGA1151,4,,false
71077,AM4,4,,false
71078,LGA1150,2,,false
71079,LGA1200,2,,false
71080,LGA1151,4,,false
71081,LGA1200,4,,false
71082,AM5,2,,false
71083,LGA1700,4,,false
71084,2 x LGA2011-3,8,,false
71085,LGA1155,4,,false
71086,LGA1200,4,,false
71087,LGA1700,4,,false
71088,LGA1151,2,,false
71089,AM5,4,,true
71090,LGA1700,4,,false
71091,LGA1700,4,,false
71092,LGA1200,4,,false
71093,LGA1200,4,,false
71094,LGA1200,4,,true
71095,LGA1200,2,,false
71096,LGA1151,2,,false
71097,LGA1151,4,,false
71098,LGA1700,2,,false
71099,LGA1155,4,,false
71100,LGA1151,4,,false
71101,LGA1700,4,,true
71102,LGA2066,8,,false
71103,AM4,2,,false
71104,LGA1155,2,,false
71105,LGA2011-3,8,,false
71106,LGA1151,4,,false
71107,AM4,4,,false
71108,LGA1200,4,,false
71109,AM4,4,,false
71110,LGA1200,4,,false
71111,LGA1700,4,,true
71112,AM4,4,,false
71113,LGA1151,4,,false
71114,LGA1200,4,,false
71115,AM5,2,,false
71116,LGA1700,4,,false
71117,LGA1151,4,,false
71118,AM5,4,,false
71119,AM4,2,,false
71120,AM5,4,,false
71121,LGA1700,4,,false
71122,AM4,2,,true
71123,LGA1151,4,,false
71124,AM4,4,,false
71125,LGA1700,2,,false
71126,LGA1200,4,,false
71127,LGA775,2,,false
71128,LGA1151,4,,false
71129,LGA1151,4,,false
71130,LGA1151,2,,false
71131,LGA1200,2,,false
71132,AM4,4,,false
71133,LGA1155,4,,false
71134,LGA1150,2,,false
71135,LGA1200,2,,false
71136,LGA775,4,,false
71137,LGA1151,4,,false
71138,LGA1700,4,,false
71139,AM5,4,,true
71140,AM4,2,,false
71141,LGA2011,8,,true
71142,LGA2011-3,8,,false
71143,LGA1151,4,,false
71144,LGA1200,4,,true
71145,LGA1700,4,,false
71146,LGA1700,4,,true
71147,LGA1155,2,,false
71148,LGA1150,4,,false
71149,LGA1151,4,,false
71150,AM4,4,,false
71151,LGA1151,4,,false
71152,LGA1151,4,,false
71153,LGA1200,4,,true
71154,AM4,2,,false
71155,AM5,2,,true
71156,LGA1200,4,,false
71157,LGA1151,4,,false
71158,AM5,2,,false
71159,LGA1150,4,,false
71160,FM2+,2,,false
71161,LGA1151,4,,false
71162,LGA1151,4,,false
71163,LGA1200,4,,false
71164,AM5,4,,false
71165,LGA1150,4,,false
71166,LGA1700,4,,true
71167,LGA1150,2,,false
71168,LGA1151,2,,false
71169,LGA1151,4,,false
71170,LGA1151,4,,false
71171,LGA1151,4,,false
71172,AM4,4,,true
71173,AM4,4,,false
71174,LGA1151,2,,false
71175,LGA1151,4,,false
71176,LGA1156,4,,false
71177,LGA1155,2,,false
71178,LGA1155,4,,false
71179,LGA1151,4,,false
71180,LGA1151,2,,false
71181,LGA1151,4,,false
71182,LGA1200,4,,false
71183,LGA1700,4,,true
71184,AM4,4,,false
71185,LGA1150,4,,false
71186,LGA1151,4,,false
71187,LGA1151,2,,false
71188,LGA1200,2,,false
71189,LGA1200,4,,false
71190,LGA1200,4,,false
71191,LGA2066,8,,false
71192,LGA1200,4,,false
71193,LGA1700,2,,false
71194,LGA1200,4,,false
71195,LGA1700,4,,false
71196,LGA1150,4,,false
71197,AM1,2,,false
71198,LGA1151,2,,false
71199,AM4,2,,false
71200,AM4,4,,true
71201,LGA1700,2,,false
71202,AM4,2,,false
71203,LGA1200,2,,false
71204,LGA1700,2,,false
71205,LGA1200,4,,true
71206,LGA1151,4,,false
71207,LGA775,4,,false
71208,AM3+,4,,false
71209,LGA1151,2,,false
71210,LGA2066,8,,false
71211,LGA1200,4,,false
71212,LGA1700,4,,false
71213,LGA1151,4,,false
71214,2 x LGA2011,8,,false
71215,LGA1151,4,,false
71216,AM4,4,,false
71217,AM4,4,,false
71218,LGA1200,4,,true
71219,LGA2066,8,,false
71220,LGA1700,4,,false
71221,LGA1151,4,,true
71222,AM4,4,,false
71223,LGA2011,4,,false
71224,LGA1151,4,,false
71225,LGA1151,2,,false
71226,LGA1151,2,,false
71227,AM4,4,,false
71228,LGA1150,2,,false
71229,AM4,4,,false
71230,AM4,4,,false
71231,LGA1200,2,,true
71232,LGA1150,4,,false
71233,LGA1150,2,,false
71234,AM4,4,,false
71235,LGA1700,4,,true
71236,LGA1200,4,,false
71237,AM4,4,,false
71238,AM4,2,,false
71239,AM3+,4,,false
71240,AM3+,4,,false
71241,LGA1150,4,,false
71242,LGA1151,4,,false
71243,LGA1151,4,,false
71244,LGA1151,4,,false
71245,LGA1151,4,,false
71246,AM4,4,,false
71247,LGA1700,4,,false
71248,AM4,4,,false
71249,LGA1200,4,,false
71250,LGA1700,4,,false
71251,LGA2011-3,8,,false
71252,LGA1151,2,,false
71253,LGA1151,4,,false
71254,LGA1151,4,,false
71255,AM4,2,,false
71256,LGA1700,2,,true
71257,LGA1200,2,,false
71258,LGA1151,4,,false
71259,AM4,4,,false
71260,AM4,4,,false
71261,LGA1200,4,,true
71262,LGA1700,4,,false
71263,LGA1200,4,,false
71264,LGA1151,4,,false
71265,LGA2011-3,8,,false
71266,AM4,2,,false
71267,LGA1700,2,,false
71268,AM5,4,,true
71269,LGA1700,4,,false
71270,AM5,4,,false
71271,LGA1700,2,,false
71272,LGA1200,4,,false
71273,AM4,4,,false
71274,AM3+,4,,false
71275,sTR4,8,,false
71276,LGA1700,4,,true
71277,AM5,2,,false
71278,LGA1700,4,,true
71279,LGA1700,4,,false
71280,AM3+,4,,false
71281,LGA1151,4,,false
71282,LGA1151,2,,false
71283,AM3+,4,,false
71284,LGA1151,4,,false
71285,AM4,4,,false
71286,AM4,4,,false
71287,LGA1200,2,,false
71288,2 x LGA2011,16,,false
71289,LGA1151,4,,false
71290,LGA1200,4,,false
71291,LGA1151,4,,false
71292,LGA1200,2,,false
71293,LGA1700,4,,false
71294,LGA2011,8,,false
71295,LGA1150,4,,false
71296,LGA2011-3,4,,false
71297,LGA1151,2,,false
71298,LGA1700,4,,false
71299,LGA1700,4,,false
71300,LGA1700,4,,true
71301,LGA1700,2,,false
71302,LGA775,4,,false
71303,LGA1155,4,,false
71304,LGA1151,4,,false
71305,LGA1151,4,,false
71306,AM4,4,,false
71307,LGA1200,4,,false
71308,LGA1700,2,,false
71309,LGA1151,2,,false
71310,LGA1700,4,,false
71311,LGA1151,4,,false
71312,LGA1151,4,,false
71313,LGA1151,4,,false
71314,LGA1700,4,,false
71315,LGA1700,4,,false
71316,AM4,2,,false
71317,LGA1151,4,,false
71318,LGA1151,2,,false
71319,LGA1151,4,,false
71320,LGA1151,2,,false
71321,sTR4,8,,false
71322,LGA1700,2,,true
71323,AM4,4,,false
71324,LGA1150,4,,false
71325,LGA1700,4,,false
71326,LGA1200,4,,false
71327,AM5,4,,false
71328,LGA1151,4,,false
71329,AM3+,4,,false
71330,LGA2011-3,8,,false
71331,2 x LGA2011-3,8,,false
71332,AM4,2,,false
71333,LGA1151,4,,false
71334,LGA1200,4,,false
71335,LGA1700,2,,false
71336,LGA1200,2,,false
71337,LGA1200,4,,false
71338,LGA1366,6,,false
71339,LGA1150,2,,false
71340,LGA1151,4,,false
71341,AM4,4,,false
71342,LGA1151,4,,false
71343,LGA1151,2,,false
71344,LGA1200,4,,false
71345,AM4,2,,false
71346,LGA1700,2,,false
71347,AM4,4,,false
71348,LGA2066,8,,false
71349,LGA1151,4,,false
71350,LGA1150,4,,false
71351,LGA1150,2,,true
71352,LGA1151,4,,false
71353,LGA1151,2,,false
71354,LGA1151,4,,false
71355,LGA1200,4,,false
71356,LGA1200,2,,false
71357,AM3+,2,,false
71358,LGA1150,4,,false
71359,LGA1151,4,,false
71360,LGA1151,4,,false
71361,AM3+/AM3,4,,false
71362,LGA1151,2,,false
71363,LGA1200,2,,false
71364,AM4,2,,false
71365,AM5,4,,false
71366,LGA1700,4,,false
71367,LGA1700,4,,true
71368,LGA1151,4,,false
71369,LGA1200,4,,false
71370,2 x G34,16,,false
71371,LGA2011-3,8,,false
71372,LGA1151,2,,false
71373,LGA1151,4,,false
71374,LGA1151,4,,false
71375,LGA775,2,,false
71376,LGA1150,4,,false
71377,LGA1151,2,,false
71378,LGA1151,4,,false
71379,LGA1200,4,,false
71380,LGA1700,4,,true
71381,LGA2011-3,8,,false
71382,LGA1200,4,,false
71383,LGA1700,4,,false
71384,LGA1151,4,,false
71385,LGA1151,4,,false
71386,LGA2011-3,8,,false
71387,LGA1151,4,,false
71388,LGA1151,4,,false
71389,LGA1151,2,,false
71390,LGA1151,2,,false
71391,LGA1150,4,,false
71392,LGA1150,4,,false
71393,LGA2011-3,8,,false
71394,LGA1151,4,,false
71395,AM4,4,,false
71396,LGA1151,4,,false
71397,AM4,2,,false
71398,LGA2011,4,,false
71399,LGA1155,2,,false
71400,AM3+,2,,false
71401,LGA1150,2,,false
71402,LGA1155,2,,false
71403,LGA1151,4,,false
71404,LGA1151,2,,false
71405,LGA1200,2,,false
71406,LGA1200,4,,false
71407,LGA1700,2,,false
71408,AM4,2,,false
71409,AM4,4,,false
71410,LGA1200,2,,false
71411,LGA1150,4,,false
71412,FM2+,2,,false
71413,LGA1151,4,,false
71414,LGA1151,4,,false
71415,LGA1151,4,,false
71416,LGA1151,2,,false
71417,LGA1150,2,,false
71418,AM4,4,,false
71419,LGA775,2,,false
71420,LGA1155,4,,false
71421,LGA1151,4,,false
71422,LGA1151,4,,false
71423,AM4,4,,false
71424,LGA1151,2,,false
71425,LGA1151,2,,false
71426,LGA1700,2,,false
71427,LGA1700,4,,false
71428,LGA1700,4,,false
71429,LGA2066,8,,false
71430,FM2+,2,,false
71431,LGA1155,4,,false
71432,LGA1150,4,,false
71433,LGA1151,4,,false
71434,LGA1151,4,,false
71435,AM3+/AM3,2,,false
71436,LGA1200,2,,false
71437,LGA1200,4,,false
71438,AM5,2,,false
71439,LGA1151,4,,false
71440,LGA1151,2,,false
71441,AM4,4,,false
71442,AM4,4,,false
71443,LGA2011,8,,false
71444,LGA2011-3,8,,false
71445,AM3+/AM3,4,,false
71446,LGA1151,2,,false
71447,AM4,2,,false
71448,LGA1200,4,,false
71449,LGA1200,4,,false
71450,LGA1700,4,,true
71451,LGA1151,4,,false
71452,LGA1200,4,,false
71453,LGA1700,4,,false
71454,AM3+,4,,false
71455,LGA1150,4,,false
71456,LGA1151,2,,false
71457,LGA1151,2,,false
71458,LGA1200,2,,false
71459,LGA2066,4,,false
71460,LGA1700,2,,false
71461,LGA1200,4,,false
71462,LGA1700,4,,false
71463,LGA1151,4,,true
71464,LGA1155,4,,false
71465,AM3+,4,,false
71466,LGA1150,4,,false
71467,LGA1151,4,,false
71468,sTR4,8,,false
71469,AM4,2,,false
71470,LGA1200,4,,false
71471,LGA1700,4,,false
71472,sTR4,8,,false
71473,AM4,2,,false
71474,LGA1156,4,,false
71475,LGA1155,2,,false
71476,LGA1151,4,,false
71477,AM4,4,,false
71478,LGA2066,8,,false
71479,LGA1151,2,,false
71480,LGA1151,4,,false
71481,LGA1200,2,,false
71482,LGA1700,4,,false
71483,LGA1700,2,,false
71484,LGA1700,4,,true
71485,AM5,4,,false
71486,LGA1200,4,,false
71487,LGA2066,8,,false
71488,LGA1200,4,,false
71489,LGA1151,4,,false
71490,AM4,2,,false
71491,AM4,4,,false
71492,LGA1151,4,,false
71493,LGA2066,8,,false
71494,LGA1200,4,,false
71495,LGA1700,2,,false
71496,LGA1700,4,,true
71497,LGA2066,4,,false
71498,LGA1700,2,,false
71499,LGA1155,4,,false
71500,LGA1150,4,,false
71501,LGA2011-3,8,,false
71502,LGA1151,4,,false
71503,LGA1151,4,,false
71504,AM4,2,,false
71505,LGA1151,4,,false
71506,LGA1151,2,,false
71507,LGA1151,4,,false
71508,AM4,4,,false
71509,LGA1200,4,,false
71510,AM4,2,,true
71511,LGA1200,4,,false
71512,LGA1700,4,,false
71513,LGA1700,2,,false
71514,LGA1700,4,,false
71515,LGA1700,2,,true
71516,LGA1200,2,,false
71517,LGA1151,4,,false
71518,LGA1700,4,,false
71519,AM3+,4,,false
71520,LGA1150,4,,false
71521,LGA1150,4,,false
71522,LGA1150,4,,false
71523,AM4,4,,false
71524,AM4,4,,false
71525,LGA1151,4,,false
71526,AM4,2,,false
71527,AM4,4,,false
71528,LGA1151,4,,false
71529,LGA1700,4,,false
71530,AM5,4,,false
71531,LGA1700,2,,false
71532,LGA1700,4,,false
71533,LGA1151,4,,false
71534,LGA1700,2,,false
71535,LGA2011-3 Narrow,4,,false
71536,LGA1151,4,,false
71537,LGA1151,4,,false
71538,LGA1700,2,,false
71539,2 x LGA2011,8,,false
71540,LGA1155,2,,false
71541,LGA1155,2,,false
71542,AM3+,4,,false
71543,LGA1150,4,,false
71544,LGA1150,2,,false
71545,FM2+,2,,true
71546,LGA1150,4,,false
71547,LGA1150,4,,false
71548,LGA1150,4,,false
71549,LGA1150,4,,false
71550,LGA1151,2,,false
71551,LGA1151,4,,false
71552,LGA1151,4,,false
71553,LGA1200,2,,false
71554,LGA1200,4,,false
71555,LGA1200,4,,false
71556,AM5,4,,false
71557,AM4,4,,false
71558,LGA1700,2,,false
71559,LGA1151,4,,false
71560,AM4,4,,false
71561,AM4,4,,false
71562,LGA775,2,,false
71563,LGA1150,2,,false
71564,LGA1150,4,,false
71565,LGA1150,4,,false
71566,LGA2011-3,4,,false
71567,LGA1151,4,,false
71568,LGA1151,4,,false
71569,2 x LGA2011,16,,false
71570,LGA1151,4,,false
71571,AM4,2,,false
71572,LGA1151,2,,true
71573,LGA1151,4,,false
71574,sTR4,8,,false
71575,LGA1700,2,,true
71576,LGA1151,4,,false
71577,LGA1151,4,,false
71578,LGA1155,4,,false
71579,LGA1150,4,,false
71580,LGA2011-3,4,,false
71581,LGA1151,2,,false
71582,LGA1151,4,,false
71583,LGA1200,4,,false
71584,LGA1200,4,,false
71585,AM4,2,,false
71586,LGA1700,4,,false
71587,AM5,2,,false
71588,LGA1700,2,,false
71589,LGA1700,4,,false
71590,LGA1700,2,,false
71591,LGA1700,4,,false
71592,LGA1700,4,,false
71593,LGA1366,6,,false
71594,LGA775,4,,false
71595,LGA1155,4,,false
71596,LGA1150,2,,false
71597,LGA2011-3,8,,false
71598,2 x LGA2011-3,8,,false
71599,LGA1150,4,,false
71600,LGA1151,4,,false
71601,LGA1151,4,,false
71602,LGA1151,4,,false
71603,LGA1151,4,,false
71604,LGA1151,4,,false
71605,AM4,4,,false
71606,LGA1151,4,,false
71607,LGA1151,4,,false
71608,LGA1151,4,,false
71609,LGA1200,4,,false
71610,LGA1200,4,,false
71611,AM4,4,,false
71612,LGA1700,4,,false
71613,LGA1150,4,,false
71614,FM2+,2,,false
71615,LGA1151,4,,false
71616,FM2+,4,,false
71617,AM4,4,,false
71618,LGA2066,8,,false
71619,LGA2066,8,,false
71620,LGA2066,8,,false
71621,LGA1151,4,,false
71622,LGA1151,4,,false
71623,LGA1151,4,,false
71624,LGA1151,4,,false
71625,LGA1151,2,,false
71626,AM4,4,,false
71627,LGA1151,4,,false
71628,AM4,4,,false
71629,LGA1200,4,,false
71630,LGA1200,2,,false
71631,LGA1200,4,,false
71632,LGA1200,2,,false
71633,LGA1151,2,,false
71634,LGA1151,2,,false
71635,AM4,4,,false
71636,LGA1200,4,,false
71637,LGA1151,4,,false
71638,LGA1700,4,,false
71639,LGA1700,4,,false
71640,2 x LGA1366,12,,false
71641,LGA2011,8,,false
71642,AM3+/AM3,4,,false
71643,LGA1150,4,,false
71644,LGA1151,4,,false
71645,LGA1151,4,,false
71646,LGA1151,4,,false
71647,AM4,2,,false
71648,LGA1151,4,,false
71649,LGA1151,4,,false
71650,LGA2066,8,,false
71651,LGA1200,2,,false
71652,AM4,4,,false
71653,LGA1200,2,,false
71654,AM5,4,,false
71655,LGA1700,4,,false
71656,AM5,4,,true
71657,LGA1200,2,,false
71658,LGA1151,4,,false
71659,LGA2066,8,,false
71660,LGA1200,4,,false
71661,LGA1155,4,,false
71662,LGA1150,2,,false
71663,LGA1151,4,,false
71664,LGA1151,4,,false
71665,LGA1151,4,,false
71666,LGA2011-3,8,,false
71667,LGA1151,4,,false
71668,LGA1151,2,,false
71669,LGA1151,4,,false
71670,AM4,2,,false
71671,LGA1151,2,,false
71672,LGA1151,4,,false
71673,LGA1200,4,,false
71674,LGA1200,4,,false
71675,LGA1200,4,,false
71676,LGA1200,4,,false
71677,LGA1700,4,,false
71678,AM4,4,,false
71679,LGA1700,2,,true
71680,LGA2066,8,,false
71681,LGA1700,4,,false
71682,LGA1700,2,,false
71683,LGA2011-3,8,,false
71684,LGA1155,4,,false
71685,LGA1150,4,,false
71686,LGA1151,4,,false
71687,LGA1151,4,,false
71688,AM4,2,,false
71689,LGA1151,2,,false
71690,AM4,2,,false
71691,AM4,4,,false
71692,LGA1200,4,,false
71693,LGA1200,4,,false
71694,LGA1200,2,,false
71695,LGA1200,2,,false
71696,LGA1700,2,,false
71697,LGA1200,4,,false
71698,AM5,4,,false
71699,LGA1200,4,,true
71700,LGA1155,2,,false
71701,LGA1155,4,,false
71702,LGA1155,2,,false
71703,LGA1150,4,,false
71704,LGA1151,4,,false
71705,AM4,2,,false
71706,LGA1151,4,,false
71707,LGA1151,4,,false
71708,LGA1151,2,,false
71709,LGA1151,4,,false
71710,LGA1200,4,,false
71711,LGA1200,2,,true
71712,AM4,2,,false
71713,AM5,4,,false
71714,LGA1151,4,,false
71715,LGA1151,4,,false
71716,LGA2011,8,,false
71717,LGA2011,8,,false
71718,LGA1155,4,,false
71719,LGA1155,2,,false
71720,LGA1150,2,,false
71721,LGA1150,2,,false
71722,LGA1151,4,,false
71723,LGA1151,4,,false
71724,LGA1151,4,,false
71725,LGA1151,4,,false
71726,sTR4,8,,false
71727,LGA1200,2,,false
71728,LGA1200,2,,false
71729,LGA1700,4,,false
71730,LGA1200,4,,false
71731,LGA1200,2,,false
71732,LGA775,4,,false
71733,LGA1150,2,,false
71734,LGA1150,4,,false
71735,LGA1150,4,,false
71736,LGA2011-3 Narrow,2,,false
71737,LGA1151,4,,false
71738,LGA1151,4,,false
71739,LGA1151,4,,false
71740,LGA1151,2,,false
71741,LGA1151,4,,false
71742,AM4,4,,false
71743,AM4,2,,false
71744,AM4,2,,false
71745,LGA1151,2,,false
71746,LGA1151,2,,false
71747,LGA1151,4,,false
71748,LGA1200,4,,false
71749,LGA1200,4,,false
71750,LGA1200,2,,false
71751,LGA1700,2,,false
71752,LGA1700,4,,true
71753,LGA1700,2,,false
71754,LGA1700,4,,false
71755,LGA1700,2,,false
71756,LGA1200,4,,false
71757,LGA775,2,,false
71758,LGA775,2,,false
71759,FM2+,4,,false
71760,AM1,2,,false
71761,LGA1150,4,,false
71762,LGA1150,4,,false
71763,LGA1150,2,,false
71764,LGA1150,4,,false
71765,LGA1150,4,,false
71766,LGA1151,4,,false
71767,LGA2011-3,8,,false
71768,LGA1151,4,,false
71769,LGA1151,4,,false
71770,AM4,4,,false
71771,LGA1151,4,,false
71772,AM4,4,,false
71773,AM4,2,,false
71774,AM4,4,,false
71775,LGA1151,2,,false
71776,LGA1151,4,,false
71777,LGA1700,4,,false
71778,LGA1700,2,,true
71779,LGA1200,2,,false
71780,LGA1200,2,,false
71781,LGA1700,4,,false
71782,LGA2066,8,,false
71783,AM4,4,,false
71784,LGA1700,4,,false
71785,LGA1700,4,,true
71786,LGA1151,2,,false
71787,LGA1700,4,,false
71788,LGA1156,2,,false
71789,LGA775,2,,false
71790,LGA1155,2,,false
71791,LGA1155,2,,false
71792,LGA1150,4,,false
71793,LGA1150,4,,false
71794,LGA1150,2,,false
71795,LGA1150,4,,false
71796,LGA2011-3,8,,false
71797,LGA1151,4,,false
71798,LGA1151,2,,false
71799,LGA2011-3,8,,false
71800,Integrated Xeon D-1541,4,,false
71801,LGA1151,4,,false
71802,LGA1151,4,,false
71803,LGA1151,2,,false
71804,AM4,4,,false
71805,LGA1151,2,,false
71806,LGA1151,2,,false
71807,LGA1151,2,,false
71808,LGA1151,2,,false
71809,LGA1200,4,,false
71810,LGA1700,4,,false
71811,LGA1700,2,,false
71812,AM5,4,,false
71813,LGA1700,2,,false
71814,LGA1366,6,,false
71815,LGA1151,4,,false
71816,LGA1151,2,,false
71817,LGA1200,4,,true
71818,LGA1155,4,,false
71819,2 x G34,16,,false
71820,LGA1155,2,,false
71821,LGA1150,2,,false
71822,LGA1150,2,,false
71823,LGA1150,2,,false
71824,LGA1150,2,,false
71825,LGA2011-3,8,,false
71826,LGA1151,4,,false
71827,LGA1151,4,,false
71828,LGA1151,4,,false
71829,LGA1151,2,,true
71830,LGA1151,4,,false
71831,LGA1151,4,,false
71832,LGA1151,2,,false
71833,LGA1151,4,,false
71834,LGA1200,4,,false
71835,LGA1200,2,,false
71836,AM4,4,,false
71837,AM5,2,,false
71838,LGA1151,4,,false
71839,AM4,4,,false
71840,AM3,4,,false
71841,LGA1700,4,,false
71842,LGA1200,2,,false
71843,LGA1700,2,,false
71844,LGA775,4,,false
71845,LGA1200,2,,false
71846,LGA1366,6,,false
71847,LGA1155,2,,false
71848,LGA2011,8,,false
71849,LGA1150,4,,false
71850,LGA1150,4,,false
71851,LGA1150,4,,false
71852,LGA1150,2,,true
71853,AM1,2,,false
71854,LGA1151,4,,false
71855,AM3+,4,,false
71856,LGA1151,2,,false
71857,LGA1151,2,,false
71858,LGA1151,4,,false
71859,LGA1151,2,,false
71860,AM4,4,,false
71861,LGA1151,2,,false
71862,LGA2066,8,,false
71863,LGA1151,2,,false
71864,LGA1151,2,,false
71865,LGA1151,4,,true
71866,LGA1200,4,,false
71867,LGA1200,2,,false
71868,LGA1200,4,,false
71869,LGA1700,4,,false
71870,LGA1700,4,,false
71871,LGA1700,2,,false
71872,AM5,2,,false
71873,LGA1200,4,,false
71874,LGA1200,2,,false
71875,LGA1200,4,,false
71876,AM4,2,,false
71877,AM4,4,,false
71878,LGA1156,4,,false
71879,LGA775,2,,false
71880,LGA1155,4,,false
71881,LGA1155,4,,false
71882,LGA1155,4,,false
71883,LGA1150,4,,false
71884,LGA1150,4,,false
71885,LGA2011-3,8,,false
71886,LGA1151,4,,false
71887,LGA1151,4,,false
71888,LGA1151,4,,false
71889,LGA1151,2,,false
71890,AM4,4,,false
71891,AM4,4,,false
71892,LGA1150,2,,false
71893,LGA1200,4,,false
71894,LGA1200,2,,false
71895,LGA1200,4,,false
71896,LGA1700,4,,false
71897,LGA1200,4,,true
71898,Integrated Atom D525,2,,false
71899,LGA1151,4,,false
71900,LGA1700,4,,false
71901,LGA1155,4,,false
71902,LGA2011,4,,false
71903,LGA1155,4,,false
71904,LGA1155,4,,false
71905,LGA1150,4,,false
71906,LGA2011-3,8,,false
71907,LGA1151,4,,false
71908,LGA1151,2,,false
71909,LGA1151,2,,false
71910,LGA1151,4,,false
71911,LGA1151,4,,false
71912,sTR4,8,,false
71913,LGA1151,2,,false
71914,LGA1151,4,,false
71915,LGA1151,2,,false
71916,LGA1151,2,,false
71917,AM4,2,,false
71918,LGA1151,4,,false
71919,AM4,4,,false
71920,LGA1200,4,,false
71921,LGA1200,4,,false
71922,LGA1200,4,,false
71923,LGA1200,2,,true
71924,LGA1200,4,,false
71925,LGA1200,2,,false
71926,AM4,4,,true
71927,LGA1151,2,,false
71928,LGA1700,2,,false
71929,LGA1700,2,,false
71930,LGA1700,4,,false
71931,LGA1151,4,,false
71932,LGA2066,8,,false
71933,AM4,4,,false
71934,LGA1200,4,,false
71935,LGA1151,2,,false
71936,AM3+,2,,false
71937,AM3+,2,,false
71938,LGA1155,4,,false
71939,LGA1155,4,,false
71940,LGA1150,4,,false
71941,LGA1150,2,,false
71942,LGA1150,4,,false
71943,LGA2011-3,8,,false
71944,AM3+,4,,false
71945,AM3+,4,,false
71946,LGA2011-3,8,,false
71947,LGA1151,4,,false
71948,LGA1151,4,,false
71949,LGA1151,2,,false
71950,LGA1151,4,,false
71951,LGA1151,2,,false
71952,LGA1151,4,,false
71953,AM4,2,,false
71954,AM4,2,,false
71955,AM4,2,,false
71956,AM4,2,,false
71957,LGA1151,2,,false
71958,LGA1151,4,,false
71959,AM4,2,,false
71960,LGA1200,4,,false
71961,LGA1200,4,,false
71962,LGA2066,8,,false
71963,LGA1700,4,,false
71964,LGA1700,4,,false
71965,LGA1200,4,,true
71966,LGA1366,6,,false
71967,AM3/AM2+/AM2,2,,false
71968,LGA2011,8,,false
71969,LGA2011,8,,false
71970,LGA1150,4,,false
71971,AM3+,4,,false
71972,FM2+,4,,false
71973,LGA1150,4,,false
71974,LGA2011-3,8,,false
71975,LGA1150,4,,false
71976,LGA1150,4,,false
71977,LGA1151,2,,true
71978,LGA1151,4,,false
71979,LGA2011-3 Narrow,4,,false
71980,LGA1151,4,,false
71981,LGA1151,2,,false
71982,AM4,4,,false
71983,AM4,4,,false
71984,AM4,2,,false
71985,LGA1151,4,,false
71986,LGA1151,4,,false
71987,AM4,2,,false
71988,LGA1155,4,,false
71989,LGA1151,4,,false
71990,LGA1151,2,,false
71991,LGA1200,4,,false
71992,LGA1200,2,,false
71993,LGA1200,4,,false
71994,LGA1700,4,,false
71995,LGA1700,4,,false
71996,LGA1151,4,,false
71997,LGA1151,4,,false
71998,LGA1200,4,,false
71999,LGA1200,4,,false
72000,LGA1700,4,,false
72001,LGA775,2,,false
72002,LGA1366,6,,false
72003,LGA1366,6,,false
72004,LGA775,2,,false
72005,LGA1155,2,,false
72006,LGA2011,4,,false
72007,AM3+,4,,false
72008,LGA1155,4,,false
72009,LGA775,4,,false
72010,LGA1150,4,,false
72011,LGA1150,2,,false
72012,FM2+,2,,false
72013,LGA1150,4,,false
72014,LGA1151,4,,false
72015,AM3+,4,,false
72016,LGA1151,4,,false
72017,FM2+,2,,false
72018,LGA2011-3 Narrow,4,,false
72019,LGA1151,4,,false
72020,LGA1151,4,,false
72021,LGA1151,4,,false
72022,LGA1151,4,,false
72023,LGA1151,4,,false
72024,LGA1151,2,,true
72025,LGA1151,2,,false
72026,LGA1151,4,,false
72027,LGA1151,2,,false
72028,AM4,2,,false
72029,LGA1200,2,,false
72030,LGA1200,4,,false
72031,LGA1200,4,,false
72032,AM4,2,,false
72033,LGA1700,4,,false
72034,LGA1150,4,,false
72035,LGA1200,4,,false
72036,AM4,4,,false
72037,AM5,2,,false
72038,LGA1156,4,,false
72039,LGA775,4,,false
72040,LGA1366,4,,false
72041,LGA1155,2,,false
72042,LGA2011,4,,false
72043,LGA1155,4,,false
72044,2 x LGA2011,12,,false
72045,LGA1155,2,,false
72046,LGA1155,2,,false
72047,LGA1155,4,,false
72048,LGA1155,2,,false
72049,LGA1150,4,,false
72050,LGA1150,2,,false
72051,LGA1150,2,,false
72052,LGA1150,4,,false
72053,LGA1150,4,,false
72054,LGA1150,4,,false
72055,FM2+,2,,false
72056,LGA2011-3,8,,false
72057,LGA1150,4,,false
72058,LGA2011-3,4,,false
72059,LGA1151,2,,true
72060,LGA1151,2,,false
72061,LGA2011-3,8,,false
72062,LGA1151,4,,false
72063,LGA1151,4,,false
72064,LGA1151,4,,false
72065,LGA1151,4,,false
72066,sTR4,8,,false
72067,sTR4,8,,false
72068,sTR4,8,,false
72069,LGA1151,4,,false
72070,LGA1151,4,,false
72071,LGA1151,2,,false
72072,LGA1151,2,,false
72073,LGA1151,2,,false
72074,LGA2066,8,,false
72075,LGA1200,2,,false
72076,LGA1700,2,,false
72077,LGA1700,2,,false
72078,LGA1700,4,,false
72079,LGA1700,2,,true
72080,LGA1200,4,,false
72081,LGA1150,4,,false
72082,AM4,4,,false
72083,LGA2011-3,8,,false
72084,LGA1155,2,,false
72085,LGA1156,4,,false
72086,LGA775,4,,false
72087,LGA1155,4,,false
72088,LGA1155,2,,false
72089,LGA1155,4,,false
72090,LGA2011,8,,false
72091,LGA1155,2,,false
72092,LGA1150,4,,false
72093,LGA1150,4,,false
72094,LGA1150,2,,true
72095,LGA1150,4,,false
72096,LGA2011-3,8,,false
72097,LGA1151,4,,false
72098,LGA1151,4,,false
72099,LGA1151,4,,false
72100,LGA1151,4,,false
72101,LGA1151,2,,false
72102,LGA1151,4,,false
72103,LGA1151,2,,false
72104,LGA1200,4,,false
72105,LGA1200,2,,false
72106,LGA1200,2,,false
72107,LGA1200,2,,false
72108,LGA1200,2,,false
72109,LGA1700,4,,false
72110,LGA1700,4,,false
72111,AM5,2,,false
72112,FM2+,4,,false
72113,AM4,4,,false
72114,LGA1150,2,,false
72115,LGA2066,8,,false
72116,LGA2066,8,,false
72117,LGA1200,4,,false
72118,LGA775,4,,false
72119,LGA775,4,,false
72120,LGA1366,6,,false
72121,LGA1155,2,,false
72122,AM3+,4,,false
72123,LGA1155,4,,false
72124,LGA1155,2,,false
72125,LGA1155,2,,false
72126,LGA2011,8,,false
72127,LGA2011,8,,false
72128,LGA1155,2,,false
72129,2 x LGA2011,8,,false
72130,LGA1150,4,,false
72131,AM3+,4,,false
72132,LGA1150,4,,false
72133,LGA1150,4,,false
72134,LGA2011-3,8,,false
72135,LGA2011-3,8,,false
72136,LGA1151,4,,false
72137,LGA1151,2,,false
72138,LGA1151,4,,false
72139,LGA1151,4,,false
72140,AM3+,4,,false
72141,LGA1151,2,,false
72142,LGA1151,4,,false
72143,LGA1151,4,,false
72144,AM4,4,,false
72145,LGA2066,4,,false
72146,AM4,4,,false
72147,LGA1151,4,,false
72148,AM4,2,,false
72149,LGA1200,4,,false
72150,LGA1200,4,,false
72151,LGA1700,2,,false
72152,LGA1200,2,,false
72153,AM4,4,,false
72154,LGA1200,4,,false
72155,LGA1700,4,,false
72156,LGA1151,2,,false
72157,LGA1700,2,,false
72158,LGA1700,4,,false
72159,Integrated C-Series C-70,2,,false
72160,LGA1151,2,,false
72161,LGA1700,2,,false
72162,LGA1700,4,,false
72163,AM3,2,,false
72164,LGA1155,2,,false
72165,LGA1155,4,,false
72166,AM3+,4,,false
72167,LGA1155,4,,false
72168,LGA1155,4,,false
72169,LGA1155,4,,false
72170,LGA1155,2,,true
72171,AM3+,4,,false
72172,LGA1150,4,,false
72173,LGA1150,4,,false
72174,LGA1150,2,,false
72175,AM3+,4,,false
72176,LGA1150,4,,false
72177,LGA1150,4,,false
72178,LGA1150,4,,false
72179,LGA1150,4,,false
72180,LGA2011-3,4,,false
72181,LGA1151,4,,false
72182,LGA1151,4,,false
72183,LGA1151,2,,false
72184,LGA1151,2,,false
72185,LGA1151,4,,false
72186,LGA1151,2,,false
72187,AM4,2,,false
72188,AM3+/AM3,4,,false
72189,LGA1151,4,,false
72190,LGA1151,4,,false
72191,LGA1151,2,,false
72192,LGA1151,2,,true
72193,LGA1151,2,,false
72194,sTR4,8,,false
72195,LGA1151,4,,false
72196,LGA1151,4,,false
72197,LGA1200,4,,false
72198,LGA1200,2,,false
72199,LGA1200,2,,false
72200,LGA1700,4,,false
72201,LGA1151,4,,false
72202,Integrated Atom C2358,4,,false
72203,AM4,4,,false
72204,LGA1200,2,,false
72205,AM3/AM2+/AM2,4,,false
72206,LGA1155,4,,false
72207,LGA775,2,,false
72208,LGA1155,4,,false
72209,AM3+,4,,false
72210,LGA1155,4,,false
72211,LGA1155,4,,false
72212,LGA1155,4,,false
72213,LGA1155,4,,false
72214,LGA1150,4,,false
72215,LGA1150,4,,false
72216,LGA1150,4,,false
72217,LGA1150,4,,false
72218,LGA1155,4,,false
72219,LGA1150,4,,false
72220,LGA1150,4,,false
72221,LGA1150,4,,false
72222,LGA1150,4,,false
72223,LGA2011-3,8,,false
72224,FM2+,2,,false
72225,FM2+,2,,false
72226,LGA2011-3,8,,false
72227,LGA1151,4,,false
72228,LGA1151,4,,false
72229,LGA1151,4,,false
72230,LGA1151,4,,false
72231,LGA1151,4,,false
72232,Integrated Xeon D-1521,4,,false
72233,LGA1151,2,,false
72234,LGA1151,4,,false
72235,LGA1151,2,,false
72236,LGA1151,4,,false
72237,LGA2066,8,,false
72238,LGA1151,4,,false
72239,AM4,2,,false
72240,AM4,2,,false
72241,LGA1200,2,,false
72242,LGA1200,4,,false
72243,AM5,2,,false
72244,LGA1700,4,,true
72245,LGA1151,4,,false
72246,LGA1200,4,,false
72247,AM4,2,,false
72248,LGA1200,4,,false
72249,LGA1151,4,,false
72250,LGA1366,6,,false
72251,LGA775,2,,false
72252,LGA1155,4,,false
72253,LGA1155,4,,false
72254,LGA2011,8,,false
72255,LGA1155,4,,false
72256,LGA1155,2,,false
72257,LGA1155,4,,false
72258,LGA1150,4,,false
72259,LGA1150,2,,false
72260,LGA1150,2,,false
72261,LGA1150,4,,false
72262,LGA1151,4,,false
72263,LGA1151,2,,false
72264,LGA1151,2,,true
72265,LGA1151,4,,false
72266,LGA2011-3,8,,false
72267,2 x LGA2011,8,,false
72268,LGA1151,2,,false
72269,AM4,4,,false
72270,LGA2066,8,,false
72271,LGA1151,2,,false
72272,LGA1151,4,,false
72273,LGA1151,2,,false
72274,AM4,4,,false
72275,LGA1151,2,,false
72276,AM4,4,,true
72277,LGA1151,4,,false
72278,LGA1200,4,,false
72279,LGA1700,4,,false
72280,LGA1200,2,,false
72281,LGA1700,4,,false
72282,AM5,4,,false
72283,AM5,2,,false
72284,LGA1200,2,,false
72285,LGA1700,2,,false
72286,LGA1151,4,,false
72287,AM4,4,,false
72288,LGA1200,4,,false
72289,LGA1200,4,,false
72290,AM3,4,,false
72291,LGA775,2,,false
72292,LGA1366,6,,false
72293,LGA1156,4,,false
72294,LGA775,2,,false
72295,FM1,2,,false
72296,LGA1155,2,,false
72297,FM1,4,,false
72298,LGA1150,2,,false
72299,LGA1150,4,,false
72300,LGA1150,4,,false
72301,FM2+,4,,false
72302,LGA2011-3,8,,false
72303,2 x LGA2011-3 Narrow,16,,false
72304,LGA1150,4,,false
72305,LGA1151,2,,false
72306,2 x LGA2011-3,8,,false
72307,LGA1151,4,,false
72308,LGA1151,4,,false
72309,LGA1151,4,,false
72310,AM3+/AM3,4,,false
72311,LGA1151,2,,false
72312,LGA1151,4,,false
72313,LGA1151,2,,false
72314,LGA1151,4,,false
72315,AM4,4,,false
72316,LGA2066,8,,false
72317,LGA1151,2,,true
72318,LGA1151,2,,false
72319,LGA1151,4,,false
72320,LGA1155,2,,false
72321,LGA2066,8,,false
72322,LGA1200,4,,false
72323,LGA1200,2,,false
72324,LGA1200,4,,false
72325,LGA1700,4,,false
72326,LGA1700,4,,false
72327,LGA1200,2,,false
72328,LGA1700,4,,false
72329,LGA1200,4,,false
72330,LGA1700,4,,true
72331,LGA1151,4,,false
72332,LGA1151,4,,false
72333,LGA1151,2,,false
72334,LGA1151,4,,false
72335,LGA2011,8,,false
72336,LGA1200,4,,false
72337,AM3,4,,false
72338,LGA775,2,,false
72339,LGA1366,6,,false
72340,AM3,4,,false
72341,LGA1155,4,,false
72342,LGA1366,6,,false
72343,LGA1155,2,,false
72344,LGA1155,4,,false
72345,LGA1155,4,,false
72346,LGA1155,2,,false
72347,LGA2011,8,,false
72348,LGA2011,8,,false
72349,LGA1150,4,,false
72350,LGA1150,4,,false
72351,LGA1150,4,,false
72352,LGA1155,2,,false
72353,FM2+,4,,false
72354,LGA1150,4,,false
72355,LGA1150,4,,false
72356,LGA2011-3,4,,false
72357,LGA2011-3,4,,false
72358,FM2+,2,,false
72359,AM2,4,,false
72360,LGA1151,4,,false
72361,LGA1151,2,,false
72362,LGA2011-3 Narrow,4,,false
72363,Integrated Xeon D-1537,4,,false
72364,LGA1151,4,,false
72365,LGA2011-3,8,,false
72366,LGA1150,4,,false
72367,LGA1151,4,,false
72368,AM4,4,,false
72369,AM4,4,,false
72370,LGA1151,4,,false
72371,LGA1151,2,,false
72372,LGA2066,4,,false
72373,LGA1151,2,,false
72374,LGA2066,8,,false
72375,LGA1200,2,,false
72376,LGA1200,4,,false
72377,LGA1700,4,,false
72378,LGA1700,2,,false
72379,AM5,2,,false
72380,LGA1151,2,,false
72381,LGA1151,4,,false
72382,LGA1200,2,,false
72383,LGA1700,4,,false
72384,LGA1156,4,,false
72385,LGA1366,6,,false
72386,AM3/AM2+/AM2,2,,false
72387,LGA1366,6,,false
72388,LGA1155,4,,false
72389,LGA1155,4,,false
72390,LGA2011,4,,false
72391,LGA1155,4,,false
72392,LGA1155,4,,false
72393,AM3+,2,,false
72394,LGA2011,8,,false
72395,LGA1155,2,,false
72396,LGA1155,4,,false
72397,LGA1150,4,,false
72398,LGA1155,2,,false
72399,LGA1150,2,,false
72400,LGA1150,2,,false
72401,FM2+,4,,false
72402,LGA1150,4,,false
72403,LGA1150,4,,false
72404,FM2+,2,,false
72405,AM3+/AM3,4,,false
72406,LGA1151,4,,false
72407,LGA1151,4,,false
72408,LGA1151,2,,false
72409,LGA1151,4,,false
72410,LGA1151,2,,false
72411,LGA1151,4,,false
72412,LGA1151,2,,false
72413,LGA2011-3,8,,false
72414,LGA1151,4,,false
72415,LGA1151,4,,false
72416,LGA1151,2,,false
72417,AM4,2,,false
72418,LGA1151,4,,false
72419,LGA1151,4,,false
72420,LGA1151,2,,false
72421,LGA1200,4,,false
72422,LGA1151,4,,false
72423,LGA1200,2,,true
72424,LGA1200,4,,false
72425,LGA1200,2,,false
72426,LGA1700,4,,false
72427,AM4,4,,false
72428,LGA1700,2,,false
72429,AM5,4,,false
72430,AM4,4,,false
72431,LGA1156,4,,false
72432,AM3,4,,false
72433,AM3,4,,false
72434,LGA775,2,,false
72435,LGA775,4,,false
72436,LGA1155,4,,false
72437,LGA1155,2,,false
72438,LGA1155,4,,false
72439,LGA775,2,,false
72440,LGA2011,4,,false
72441,LGA2011,8,,false
72442,LGA2011,4,,false
72443,LGA1155,4,,false
72444,LGA1155,2,,false
72445,LGA1155,2,,false
72446,LGA1155,4,,false
72447,LGA1155,2,,false
72448,AM3+,4,,false
72449,LGA1150,4,,false
72450,LGA1150,4,,false
72451,LGA1150,4,,false
72452,LGA1150,4,,false
72453,LGA1150,4,,false
72454,LGA1150,2,,false
72455,LGA1150,2,,false
72456,LGA1150,2,,false
72457,LGA1150,4,,false
72458,LGA1150,4,,false
72459,LGA1150,2,,false
72460,LGA1150,2,,false
72461,LGA2011-3,4,,false
72462,LGA2011-3,8,,false
72463,FM2+,2,,false
72464,FM2+,2,,false
72465,FM2+,2,,false
72466,LGA775,2,,false
72467,FM2+,2,,false
72468,FM2+,2,,false
72469,LGA1151,4,,false
72470,LGA1151,2,,false
72471,AM3+,4,,false
72472,AM3+/AM3,4,,false
72473,LGA1151,2,,false
72474,LGA1151,2,,false
72475,LGA1151,4,,false
72476,LGA1151,4,,false
72477,LGA1151,4,,false
72478,LGA1151,4,,false
72479,LGA2066,8,,false
72480,AM4,2,,false
72481,LGA1151,4,,false
72482,AM3+,2,,false
72483,LGA1151,4,,false
72484,AM4,4,,false
72485,LGA1200,4,,false
72486,LGA1200,4,,false
72487,AM4,4,,false
72488,LGA1200,4,,false
72489,LGA1200,4,,true
72490,LGA1700,4,,false
72491,LGA1200,4,,true
72492,AM5,4,,false
72493,LGA1700,2,,false
72494,LGA1700,4,,false
72495,LGA1700,4,,false
72496,LGA1155,4,,false
72497,LGA1156,4,,false
72498,LGA1156,4,,false
72499,LGA775,2,,false
72500,AM3+,2,,false
72501,AM3+,4,,false
72502,LGA1155,4,,false
72503,AM3+,4,,false
72504,LGA2011,8,,false
72505,LGA1155,4,,false
72506,FM2,2,,false
72507,LGA1155,2,,false
72508,LGA1155,4,,false
72509,LGA1150,4,,false
72510,LGA1150,4,,false
72511,LGA1150,4,,false
72512,LGA1155,2,,false
72513,LGA1150,2,,false
72514,LGA1150,2,,false
72515,LGA1150,4,,false
72516,LGA1150,4,,false
72517,LGA1150,2,,false
72518,LGA1150,4,,false
72519,LGA1150,4,,false
72520,LGA2011-3,8,,false
72521,LGA1151,4,,false
72522,LGA1151,4,,false
72523,LGA1151,4,,false
72524,LGA1151,2,,false
72525,LGA1151,2,,false
72526,LGA1151,2,,false
72527,LGA1151,4,,false
72528,LGA1151,2,,false
72529,LGA1151,2,,false
72530,LGA1151,4,,false
72531,LGA1151,4,,false
72532,LGA1151,4,,false
72533,LGA1151,4,,false
72534,LGA1151,4,,false
72535,LGA1151,4,,false
72536,LGA1151,4,,false
72537,LGA1151,2,,false
72538,AM4,4,,false
72539,LGA2066,8,,false
72540,LGA1151,4,,false
72541,AM4,2,,false
72542,LGA1151,2,,false
72543,LGA1151,4,,false
72544,LGA1151,2,,false
72545,LGA1151,2,,false
72546,LGA2066,8,,false
72547,LGA1151,4,,false
72548,LGA1151,4,,false
72549,AM4,4,,true
72550,AM4,4,,false
72551,LGA1200,2,,false
72552,LGA1200,4,,false
72553,LGA1200,2,,false
72554,LGA1200,4,,true
72555,LGA1200,4,,false
72556,LGA1200,4,,false
72557,LGA1200,4,,false
72558,LGA1700,2,,false
72559,LGA1700,2,,false
72560,LGA1700,2,,false
72561,LGA1700,4,,false
72562,LGA1700,2,,false
72563,LGA1700,2,,false
72564,LGA1700,1,,false
72565,AM4,2,,false
72566,LGA1700,4,,false
72567,Integrated Atom C2750,4,,false
72568,LGA1700,4,,false
72569,LGA1151,4,,false
72570,AM2+/AM2,2,,false
72571,LGA1156,4,,false
72572,LGA1156,4,,false
72573,LGA775,4,,false
72574,AM3/AM2+/AM2,2,,false
72575,LGA775,4,,false
72576,LGA775,4,,false
72577,AM2+/AM2,2,,false
72578,LGA775,4,,false
72579,LGA775,2,,false
72580,LGA1156,2,,false
72581,LGA1366,6,,false
72582,LGA1156,2,,false
72583,LGA1155,4,,false
72584,LGA1155,2,,false
72585,LGA1155,2,,false
72586,LGA1155,4,,false
72587,LGA1155,4,,false
72588,AM3+,2,,false
72589,AM3+,4,,false
72590,LGA1155,4,,false
72591,LGA1155,2,,false
72592,LGA1155,2,,false
72593,LGA2011,4,,false
72594,LGA2011,8,,false
72595,LGA775,4,,false
72596,LGA1155,4,,false
72597,LGA1155,4,,false
72598,LGA1155,4,,false
72599,LGA1155,4,,false
72600,LGA1155,2,,false
72601,LGA1155,4,,false
72602,LGA1155,4,,false
72603,LGA1155,2,,false
72604,AM3+,4,,false
72605,LGA1155,4,,false
72606,LGA1155,2,,false
72607,LGA1150,4,,false
72608,LGA1150,4,,false
72609,LGA1150,4,,false
72610,LGA1150,4,,false
72611,LGA1150,2,,true
72612,AM3+,2,,false
72613,FM2+,2,,false
72614,LGA1150,4,,false
72615,LGA1150,2,,true
72616,FM2+,2,,false
72617,FM2+,2,,false
72618,LGA1150,4,,false
72619,LGA1150,4,,false
72620,LGA2011-3,8,,true
72621,FM2+,2,,false
72622,LGA1150,4,,false
72623,LGA2011-3,8,,false
72624,2 x LGA2011-3 Narrow,16,,false
72625,FM2+,2,,false
72626,LGA2011-3,8,,false
72627,LGA1150,4,,false
72628,LGA1150,2,,false
72629,LGA1150,4,,false
72630,LGA1151,4,,false
72631,LGA1151,4,,false
72632,LGA1151,2,,false
72633,LGA1151,4,,false
72634,LGA1151,4,,false
72635,FM2+,2,,false
72636,LGA1151,4,,false
72637,LGA1151,2,,false
72638,LGA1151,2,,true
72639,LGA1151,4,,false
72640,AM4,4,,false
72641,LGA1151,2,,false
72642,LGA2066,8,,false
72643,LGA1151,4,,false
72644,LGA2066,4,,false
72645,LGA1151,2,,false
72646,AM4,4,,false
72647,LGA1151,2,,false
72648,LGA1200,2,,false
72649,LGA1200,4,,false
72650,LGA1200,2,,false
72651,AM4,2,,false
72652,LGA1700,2,,false
72653,LGA1700,4,,false
72654,LGA1700,4,,false
72655,LGA1700,2,,false
72656,LGA1700,4,,false
72657,LGA1700,2,,false
72658,AM4,2,,false
72659,LGA1700,2,,true
72660,AM5,4,,false
72661,LGA1700,2,,false
72662,LGA1700,4,,false
72663,LGA1700,2,,false
72664,LGA1700,2,,false
72665,LGA1151,4,,false
72666,LGA2066,4,,false
72667,LGA1200,4,,false
72668,LGA1700,4,,false
72669,LGA1200,2,,false
72670,LGA1156,4,,false
72671,LGA775,4,,false
72672,LGA775,2,,false
72673,LGA1366,12,,false
72674,LGA1366,6,,false
72675,LGA775,2,,false
72676,LGA1155,4,,false
72677,LGA1155,4,,false
72678,AM3+,4,,false
72679,LGA1155,4,,false
72680,LGA1155,2,,false
72681,LGA1155,4,,false
72682,LGA1155,2,,true
72683,AM3+,4,,false
72684,LGA1150,4,,false
72685,LGA1150,4,,false
72686,LGA1155,2,,false
72687,LGA1150,2,,false
72688,FM2+,2,,false
72689,FM2+,2,,false
72690,FM2+,2,,false
72691,LGA1150,2,,false
72692,LGA1150,4,,false
72693,FM2+,4,,false
72694,AM1,2,,false
72695,AM1,2,,false
72696,LGA1150,4,,false
72697,LGA1150,1,,false
72698,LGA1150,4,,false
72699,LGA1150,4,,true
72700,LGA1150,4,,false
72701,LGA1150,4,,false
72702,LGA1150,2,,false
72703,LGA1150,4,,false
72704,LGA1150,2,,true
72705,FM2+,4,,false
72706,LGA1150,4,,false
72707,LGA1366,6,,false
72708,LGA2011-3,8,,false
72709,LGA1150,2,,false
72710,LGA1150,4,,false
72711,LGA1151,4,,false
72712,LGA1151,4,,false
72713,LGA1151,4,,false
72714,LGA1151,4,,false
72715,AM3+,2,,false
72716,LGA1151,4,,false
72717,LGA1151,4,,false
72718,FM2+,4,,false
72719,LGA1151,2,,false
72720,LGA1151,4,,false
72721,LGA1151,4,,false
72722,LGA1151,4,,false
72723,LGA1151,4,,false
72724,LGA1151,4,,false
72725,LGA1151,4,,false
72726,AM3+,4,,false
72727,LGA1151,2,,true
72728,LGA1151,2,,false
72729,LGA1151,2,,false
72730,LGA1151,4,,false
72731,LGA1151,4,,false
72732,LGA1151,4,,false
72733,LGA1151,4,,false
72734,LGA1151,2,,false
72735,LGA1151,4,,false
72736,LGA1151,2,,false
72737,LGA1151,2,,false
72738,AM4,2,,false
72739,LGA1151,2,,false
72740,LGA1200,2,,false
72741,LGA1200,4,,false
72742,LGA1200,4,,false
72743,LGA1200,4,,false
72744,LGA1200,4,,false
72745,LGA1200,2,,false
72746,AM4,4,,false
72747,AM4,4,,false
72748,LGA1200,4,,false
72749,LGA1700,2,,false
72750,LGA1700,4,,false
72751,LGA1700,4,,false
72752,LGA1200,4,,false
72753,LGA1700,4,,false
72754,LGA1700,4,,false
72755,LGA1700,4,,false
72756,LGA1200,4,,false
72757,LGA1700,2,,false
72758,AM5,2,,false
72759,LGA1151,4,,false
72760,LGA1700,2,,false
72761,LGA1200,2,,false
72762,Integrated Pentium N3700,2,,false
72763,LGA2066,8,,false
72764,LGA1200,4,,false
72765,LGA775,4,,false
72766,LGA1156,2,,false
72767,LGA1156,2,,false
72768,LGA775,4,,false
72769,LGA775,4,,false
72770,LGA775,2,,false
72771,LGA775,2,,false
72772,LGA1156,4,,false
72773,LGA1155,4,,false
72774,LGA1155,4,,false
72775,AM3+,4,,false
72776,AM3+,4,,false
72777,FM1,2,,false
72778,LGA1155,4,,false
72779,LGA1155,4,,false
72780,LGA2011,8,,false
72781,LGA2011,4,,false
72782,LGA1155,2,,false
72783,FM1,2,,false
72784,LGA1155,4,,false
72785,LGA1155,4,,false
72786,AM3+,2,,false
72787,LGA1155,4,,false
72788,FM2,2,,false
72789,LGA1155,4,,false
72790,FM1,2,,false
72791,LGA1155,2,,false
72792,LGA1155,2,,false
72793,LGA1150,4,,false
72794,LGA1150,4,,false
72795,LGA1150,2,,true
72796,LGA1150,4,,false
72797,FM2+,4,,false
72798,FM2+,4,,false
72799,LGA1150,4,,false
72800,LGA1150,4,,false
72801,LGA1150,2,,false
72802,LGA1150,2,,false
72803,LGA1150,4,,false
72804,AM1,2,,false
72805,Integrated Celeron J1900,2,,false
72806,LGA1150,4,,false
72807,LGA1150,4,,false
72808,LGA1150,4,,false
72809,LGA1150,2,,false
72810,LGA1155,2,,false
72811,LGA1150,2,,false
72812,LGA1150,4,,false
72813,LGA1150,4,,false
72814,LGA1150,4,,false
72815,LGA2011-3,8,,false
72816,AM3+/AM3,4,,false
72817,LGA1151,4,,false
72818,LGA1151,2,,false
72819,LGA2011-3,8,,false
72820,LGA1151,4,,false
72821,LGA1151,4,,false
72822,LGA1151,2,,false
72823,LGA1150,2,,false
72824,LGA1151,4,,false
72825,LGA2066,8,,false
72826,LGA1151,4,,false
72827,LGA1151,4,,false
72828,LGA1151,2,,false
72829,LGA1151,2,,false
72830,LGA1151,2,,false
72831,LGA1151,4,,false
72832,AM4,4,,false
72833,LGA1200,4,,false
72834,LGA1200,4,,false
72835,LGA1200,4,,false
72836,LGA1200,2,,false
72837,LGA1700,4,,false
72838,LGA1150,2,,false
72839,AM5,4,,false
72840,LGA1200,2,,false
72841,LGA1700,4,,false
72842,LGA1700,2,,false
72843,LGA1700,2,,false
72844,LGA1700,2,,false
72845,LGA1700,2,,false
72846,LGA1700,2,,false
72847,LGA1200,2,,false
72848,LGA1156,4,,false
72849,LGA1156,4,,false
72850,LGA1156,4,,false
72851,AM3,4,,false
72852,AM3,4,,false
72853,LGA1366,6,,false
72854,LGA775,2,,false
72855,AM3,4,,false
72856,LGA1156,4,,false
72857,AM3,4,,false
72858,LGA1156,4,,false
72859,LGA775,2,,false
72860,LGA1155,4,,false
72861,LGA1155,2,,false
72862,LGA1366,6,,false
72863,LGA775,4,,false
72864,LGA775,2,,false
72865,LGA775,2,,false
72866,LGA1155,4,,false
72867,LGA775,4,,false
72868,LGA1155,4,,false
72869,LGA1155,4,,false
72870,LGA1155,4,,false
72871,Integrated Atom N550,2,,false
72872,Integrated Atom D410,2,,false
72873,AM3+,4,,false
72874,LGA1366,6,,false
72875,LGA1155,4,,false
72876,AM3+,4,,false
72877,AM3+,4,,false
72878,LGA775,2,,false
72879,AM3+,4,,false
72880,LGA1155,2,,false
72881,LGA1155,2,,false
72882,AM3+/AM3,4,,false
72883,LGA1155,4,,false
72884,FM1,2,,false
72885,LGA1155,4,,false
72886,LGA2011,8,,false
72887,LGA1155,4,,false
72888,LGA1155,4,,false
72889,LGA1155,4,,false
72890,LGA1155,2,,false
72891,LGA1155,4,,false
72892,LGA1155,4,,false
72893,LGA2011,8,,false
72894,LGA1155,4,,false
72895,LGA1150,4,,false
72896,LGA1150,4,,false
72897,LGA1150,4,,false
72898,LGA2011,8,,false
72899,FM2+,4,,false
72900,LGA1150,4,,false
72901,FM2+,4,,false
72902,LGA1150,4,,false
72903,LGA1150,4,,false
72904,LGA1150,4,,false
72905,LGA1150,4,,false
72906,LGA1150,2,,false
72907,LGA1150,4,,false
72908,LGA2011-3,8,,false
72909,LGA2011-3,8,,true
72910,LGA2011-3,8,,false
72911,LGA2011-3,8,,false
72912,LGA1150,2,,false
72913,FM2+,4,,false
72914,AM3+,4,,false
72915,2 x LGA2011-3 Narrow,16,,false
72916,LGA1150,4,,false
72917,FM2+,4,,false
72918,LGA2011-3 Narrow,4,,false
72919,LGA2011-3,8,,false
72920,LGA1151,4,,false
72921,LGA1151,4,,false
72922,AM3+/AM3,4,,false
72923,LGA1151,4,,false
72924,LGA1151,4,,false
72925,LGA1151,2,,false
72926,LGA1151,4,,false
72927,LGA1151,4,,false
72928,AM3/AM2+,4,,false
72929,LGA1151,4,,false
72930,LGA1151,2,,false
72931,Integrated Xeon D-1520,4,,false
72932,LGA2011-3,8,,false
72933,LGA1151,4,,false
72934,LGA1151,4,,false
72935,LGA1151,4,,false
72936,LGA1151,4,,false
72937,AM4,4,,false
72938,AM4,4,,false
72939,LGA2066,8,,false
72940,LGA1151,4,,false
72941,AM4,2,,false
72942,LGA1151,2,,false
72943,LGA1151,2,,false
72944,LGA1151,4,,false
72945,LGA1151,4,,false
72946,LGA1151,4,,false
72947,LGA1151,2,,false
72948,LGA1151,2,,false
72949,LGA2066,8,,false
72950,AM4,2,,false
72951,AM4,2,,false
72952,LGA1200,2,,false
72953,LGA1200,2,,false
72954,LGA1700,4,,false
72955,LGA1700,4,,false
72956,LGA1700,2,,false
72957,LGA1700,2,,false
72958,LGA1700,2,,true
72959,LGA1200,2,,false
72960,AM4,4,,false
72961,LGA1700,2,,false
72962,LGA1151,4,,false
72963,LGA1156,4,,false
72964,LGA1156,4,,false
72965,AM3,4,,false
72966,AM3,4,,false
72967,AM3,4,,false
72968,AM3,4,,false
72969,AM3,4,,false
72970,LGA775,4,,false
72971,LGA1366,6,,false
72972,LGA1366,6,,false
72973,LGA775,2,,false
72974,AM3/AM2+/AM2,2,,false
72975,AM3/AM2+/AM2,4,,false
72976,LGA775,2,,false
72977,AM3/AM2+/AM2,2,,false
72978,LGA775,4,,false
72979,LGA775,4,,false
72980,LGA775,2,,false
72981,LGA1155,4,,false
72982,LGA1155,4,,false
72983,LGA1155,4,,false
72984,LGA1155,4,,false
72985,LGA775,2,,false
72986,LGA1366,6,,false
72987,LGA1155,2,,false
72988,LGA1155,2,,false
72989,LGA1155,4,,false
72990,LGA1155,2,,false
72991,LGA1155,2,,false
72992,LGA775,2,,false
72993,LGA1155,2,,false
72994,LGA1155,4,,false
72995,AM3+,4,,false
72996,LGA1155,2,,false
72997,LGA775,2,,false
72998,LGA1155,4,,false
72999,LGA1155,4,,false
73000,LGA1155,4,,false
73001,AM3+,4,,false
73002,AM3+,4,,false
73003,Integrated Atom D510,2,,false
73004,AM3+,4,,false
73005,AM3+,2,,false
73006,LGA2011,8,,false
73007,AM3+,4,,false
73008,LGA2011,8,,false
73009,AM3+,2,,false
73010,LGA1155,2,,false
73011,LGA1155,4,,false
73012,LGA1155,4,,false
73013,LGA1155,4,,false
73014,AM3+,4,,false
73015,LGA1155,4,,false
73016,LGA1155,4,,false
73017,LGA1155,2,,false
73018,FM2,4,,false
73019,LGA1155,4,,false
73020,FM2,4,,false
73021,FM2,2,,false
73022,LGA1155,4,,false
73023,LGA1150,4,,false
73024,LGA1150,4,,false
73025,LGA1150,2,,false
73026,LGA1150,4,,false
73027,LGA1150,4,,false
73028,LGA1150,4,,false
73029,LGA1150,2,,false
73030,LGA1150,4,,false
73031,FM2,2,,false
73032,LGA1150,2,,false
73033,FM2+,4,,false
73034,LGA1150,2,,false
73035,LGA1150,2,,false
73036,FM2+,4,,false
73037,LGA1150,2,,false
73038,FM2+,2,,false
73039,FM2+,4,,false
73040,LGA1150,2,,false
73041,LGA1150,2,,false
73042,FM2+,4,,false
73043,LGA1150,2,,false
73044,LGA1150,2,,false
73045,LGA1150,4,,false
73046,LGA1150,4,,false
73047,FM2+,4,,false
73048,LGA1150,4,,false
73049,LGA2011-3,8,,false
73050,LGA2011-3,8,,false
73051,LGA2011-3,8,,false
73052,FM2+,4,,false
73053,LGA2011-3,8,,false
73054,LGA2011-3,8,,false
73055,LGA1150,4,,false
73056,FM2+,4,,false
73057,LGA2011-3 Narrow,8,,false
73058,LGA2011-3,8,,false
73059,LGA1150,4,,false
73060,AM3+/AM3,4,,false
73061,LGA1150,4,,false
73062,LGA2011-3,8,,false
73063,LGA1150,2,,false
73064,LGA1151,4,,false
73065,LGA1151,4,,false
73066,LGA1151,4,,false
73067,Integrated Pentium N3700,2,,false
73068,LGA1151,2,,false
73069,LGA1151,2,,false
73070,LGA1151,2,,false
73071,LGA1151,4,,false
73072,LGA1151,4,,false
73073,LGA1151,4,,false
73074,LGA1151,4,,false
73075,LGA1151,2,,false
73076,LGA1151,4,,false
73077,LGA1151,4,,false
73078,LGA1151,4,,false
73079,LGA1151,2,,false
73080,LGA1151,2,,false
73081,AM3+,4,,false
73082,Integrated Pentium J3710,2,,false
73083,AM3+/AM3,4,,false
73084,FM2+,4,,false
73085,LGA1151,4,,false
73086,LGA1151,4,,false
73087,LGA1151,4,,false
73088,FM2+,2,,false
73089,LGA2066,8,,false
73090,LGA2066,4,,false
73091,LGA2066,4,,false
73092,LGA1151,4,,false
73093,LGA1151,4,,false
73094,LGA2066,4,,false
73095,LGA1151,2,,false
73096,LGA1151,4,,false
73097,LGA1151,4,,false
73098,LGA1151,4,,false
73099,LGA2066,8,,false
73100,LGA1151,2,,false
73101,AM4,2,,false
73102,LGA2066,4,,false
73103,LGA1200,2,,true
73104,LGA1150,2,,false
73105,LGA1200,2,,false
73106,LGA1200,2,,false
73107,LGA1200,2,,false
73108,LGA1200,4,,false
73109,LGA1200,2,,false
73110,AM4,2,,false
73111,LGA1700,4,,false
73112,LGA1200,2,,false
73113,LGA1700,2,,false
73114,LGA1700,4,,true
73115,LGA1200,2,,false
73116,LGA1200,2,,false
73117,LGA1200,4,,false
73118,AM4,4,,false
73119,LGA1700,4,,false
73120,AM5,2,,false
73121,LGA1700,4,,false
73122,AM5,4,,false
73123,LGA1700,4,,true
73124,AM5,4,,true
73125,LGA1156,4,,false
73126,LGA1156,4,,false
73127,LGA1156,4,,false
73128,LGA1156,4,,false
73129,LGA1156,4,,false
73130,AM3,2,,false
73131,AM2+/AM2,4,,false
73132,AM3,4,,false
73133,AM3,4,,false
73134,AM3,4,,false
73135,AM3,4,,false
73136,LGA1366,6,,false
73137,LGA775,2,,false
73138,LGA775,4,,false
73139,AM3,2,,false
73140,LGA775,2,,false
73141,LGA775,2,,false
73142,AM3,4,,false
73143,AM3,4,,false
73144,LGA1156,4,,false
73145,LGA775,2,,false
73146,AM3,2,,false
73147,LGA1156,4,,false
73148,LGA1366,6,,false
73149,LGA1156,6,,false
73150,LGA1155,2,,false
73151,LGA1155,4,,false
73152,LGA1155,4,,false
73153,LGA775,2,,false
73154,AM3,2,,false
73155,LGA1155,2,,false
73156,LGA1155,2,,false
73157,LGA1155,2,,false
73158,LGA1155,2,,false
73159,LGA1155,2,,false
73160,AM3+,4,,false
73161,LGA775,2,,false
73162,AM3+,4,,false
73163,LGA1155,2,,false
73164,FM1,4,,false
73165,FM1,4,,false
73166,FM1,2,,false
73167,LGA1155,4,,false
73168,FM1,4,,false
73169,FM1,2,,false
73170,FM1,2,,false
73171,LGA1155,4,,false
73172,LGA1155,4,,false
73173,LGA775,2,,false
73174,LGA2011,8,,false
73175,LGA1155,2,,false
73176,LGA1155,2,,false
73177,LGA2011,8,,false
73178,LGA1155,2,,false
73179,LGA1155,4,,false
73180,LGA1155,4,,false
73181,LGA1155,4,,false
73182,LGA1155,2,,false
73183,AM3+,4,,false
73184,LGA2011,8,,false
73185,LGA1155,4,,false
73186,LGA1155,2,,false
73187,LGA1150,4,,false
73188,LGA1150,2,,false
73189,LGA1150,2,,false
73190,LGA1150,4,,false
73191,LGA1150,4,,false
73192,LGA1155,2,,false
73193,FM2,2,,true
73194,2 x LGA2011,8,,false
73195,FM2,4,,false
73196,LGA1150,4,,false
73197,LGA1150,4,,false
73198,LGA1150,4,,false
73199,LGA1150,2,,false
73200,FM2+,2,,false
73201,LGA1150,4,,false
73202,FM2+,2,,false
73203,LGA1150,2,,false
73204,LGA775,4,,false
73205,LGA1150,4,,false
73206,FM2+,4,,false
73207,LGA1150,2,,false
73208,LGA1150,4,,false
73209,FM2+,2,,false
73210,LGA1150,2,,false
73211,LGA1150,2,,false
73212,AM1,2,,false
73213,LGA1150,4,,false
73214,LGA1150,4,,false
73215,LGA1150,4,,false
73216,LGA2011,8,,false
73217,LGA1150,4,,false
73218,LGA1150,2,,false
73219,LGA1150,2,,false
73220,LGA1150,4,,false
73221,FM2+,2,,false
73222,LGA2011-3,8,,false
73223,LGA1150,4,,false
73224,FM2+,4,,false
73225,LGA2011-3,8,,false
73226,LGA1150,4,,false
73227,LGA1150,4,,false
73228,LGA2011-3,8,,false
73229,LGA1150,4,,false
73230,LGA2011-3,4,,false
73231,LGA2011-3,8,,false
73232,LGA1150,4,,false
73233,LGA1151,4,,false
73234,Integrated Celeron N3050,2,,false
73235,LGA1151,4,,false
73236,LGA1151,4,,false
73237,LGA1151,2,,false
73238,LGA1151,4,,false
73239,LGA1151,2,,false
73240,LGA1151,4,,false
73241,LGA1151,2,,false
73242,LGA1151,4,,false
73243,LGA1151,2,,false
73244,LGA1151,4,,false
73245,LGA1151,4,,false
73246,LGA1151,4,,false
73247,LGA2011-3,8,,false
73248,LGA1150,4,,false
73249,LGA1151,4,,false
73250,LGA1151,4,,false
73251,LGA1151,4,,false
73252,LGA1151,4,,false
73253,LGA1151,4,,false
73254,LGA2066,8,,false
73255,LGA2066,8,,false
73256,LGA2066,8,,false
73257,LGA1151,2,,false
73258,LGA1151,2,,false
73259,LGA1151,4,,false
73260,AM1,2,,false
73261,LGA1151,2,,false
73262,AM4,4,,false
73263,LGA2066,8,,false
73264,LGA1200,4,,false
73265,LGA1200,4,,false
73266,LGA1200,4,,false
73267,AM4,2,,false
73268,LGA1200,4,,false
73269,AM4,4,,false
73270,LGA1200,2,,false
73271,LGA1200,2,,false
73272,LGA1700,2,,false
73273,LGA1700,2,,false
73274,LGA1700,4,,false
73275,LGA1700,2,,false
73276,LGA1700,2,,false
73277,LGA1700,4,,false
73278,LGA1700,4,,false
73279,LGA1200,2,,false
73280,LGA1700,4,,false
73281,LGA1200,2,,false
73282,LGA1200,2,,false
73283,LGA1200,2,,false
73284,AM5,2,,false
73285,LGA1700,4,,false
73286,LGA1700,4,,false
73287,LGA1700,2,,false
73288,AM5,2,,false
73289,AM5,2,,false
73290,LGA1700,2,,false
73291,LGA1700,2,,false
73292,Integrated Atom 230,2,,false
73293,LGA1151,2,,false
73294,LGA1200,4,,false
73295,LGA1156,2,,false
73296,LGA1156,4,,false
73297,LGA1156,4,,false
73298,LGA1156,4,,false
73299,LGA1156,4,,false
73300,LGA1156,4,,false
73301,AM3,4,,false
73302,AM3/AM2+/AM2,4,,false
73303,AM3,4,,false
73304,AM3,4,,false
73305,AM3,4,,false
73306,LGA775,4,,false
73307,LGA775,2,,false
73308,LGA1366,6,,false
73309,LGA1366,6,,false
73310,LGA775,2,,false
73311,AM3,2,,false
73312,LGA775,2,,false
73313,LGA775,2,,false
73314,AM3,4,,false
73315,LGA1156,4,,false
73316,LGA775,2,,false
73317,AM3,4,,false
73318,LGA775,2,,false
73319,LGA775,4,,false
73320,LGA1156,2,,false
73321,AM3,4,,false
73322,LGA775,2,,false
73323,LGA1155,4,,false
73324,LGA1155,4,,false
73325,LGA1155,4,,false
73326,LGA1155,4,,false
73327,AM3,4,,false
73328,AM3,2,,false
73329,LGA1366,6,,false
73330,LGA1155,4,,false
73331,LGA1155,4,,false
73332,LGA1155,2,,false
73333,LGA775,2,,false
73334,LGA1155,2,,false
73335,LGA1155,2,,false
73336,LGA1155,4,,false
73337,LGA1366,6,,false
73338,LGA1155,4,,false
73339,LGA1155,4,,false
73340,LGA775,2,,false
73341,LGA1155,4,,false
73342,LGA1155,4,,false
73343,LGA775,2,,false
73344,LGA1155,4,,false
73345,LGA1155,4,,false
73346,LGA1155,2,,false
73347,Integrated Atom D525,2,,false
73348,LGA1155,2,,false
73349,LGA1155,2,,false
73350,AM3+/AM3,4,,false
73351,LGA1155,4,,false
73352,LGA1155,2,,false
73353,LGA775,2,,false
73354,LGA2011,8,,false
73355,LGA2011,4,,false
73356,LGA1155,2,,false
73357,LGA1155,2,,false
73358,AM3+,2,,false
73359,LGA1155,4,,false
73360,LGA1155,4,,false
73361,LGA1155,4,,false
73362,AM3+,4,,false
73363,LGA1155,4,,false
73364,AM3+,4,,false
73365,LGA1155,4,,false
73366,LGA1155,4,,false
73367,LGA1155,2,,false
73368,AM3+,2,,false
73369,Integrated Atom D2700,2,,false
73370,LGA1155,2,,false
73371,FM2,2,,false
73372,LGA1155,4,,false
73373,FM2,4,,false
73374,LGA1155,4,,false
73375,LGA1155,2,,false
73376,FM1,2,,false
73377,LGA1155,2,,false
73378,LGA1150,4,,false
73379,LGA1150,2,,false
73380,LGA1150,4,,false
73381,LGA1150,4,,false
73382,LGA1150,4,,false
73383,LGA1150,2,,false
73384,LGA1150,2,,false
73385,LGA1155,2,,false
73386,LGA1150,4,,false
73387,FM2,2,,false
73388,LGA1155,4,,false
73389,LGA1155,4,,false
73390,LGA1150,4,,false
73391,LGA1150,4,,false
73392,LGA1150,4,,false
73393,LGA1150,2,,false
73394,LGA1150,2,,false
73395,LGA1150,4,,false
73396,AM3+,4,,false
73397,AM3+,2,,false
73398,LGA1150,2,,false
73399,LGA1150,2,,false
73400,LGA1150,4,,false
73401,LGA1150,4,,false
73402,LGA1150,4,,false
73403,LGA1150,4,,false
73404,FM2+,2,,false
73405,LGA1150,2,,false
73406,Integrated Atom C2550,4,,false
73407,LGA1155,2,,false
73408,LGA1150,4,,false
73409,LGA1150,4,,false
73410,LGA1150,2,,false
73411,FM2+,4,,false
73412,LGA1150,2,,false
73413,FM2+,2,,false
73414,AM1,2,,false
73415,FM2+,2,,false
73416,LGA1150,4,,false
73417,FM2+,4,,false
73418,LGA1150,2,,false
73419,LGA1150,4,,false
73420,LGA1150,4,,false
73421,LGA1150,4,,false
73422,LGA1150,2,,false
73423,LGA1150,4,,false
73424,LGA2011-3,8,,false
73425,LGA2011-3,8,,false
73426,LGA1150,2,,false
73427,FM2+,2,,false
73428,LGA1150,4,,false
73429,AM1,2,,false
73430,LGA2011-3 Narrow,8,,false
73431,LGA2011-3,8,,true
73432,LGA2011-3,4,,false
73433,Integrated A4-5000,2,,false
73434,LGA775,4,,false
73435,LGA1150,4,,false
73436,LGA1150,4,,false
73437,LGA2011-3,8,,false
73438,AM3+,4,,false
73439,LGA1150,2,,false
73440,LGA1151,4,,false
73441,LGA1151,2,,false
73442,LGA1150,2,,false
73443,LGA1151,4,,false
73444,LGA1151,4,,false
73445,LGA1151,2,,false
73446,LGA1151,2,,false
73447,LGA1151,2,,false
73448,LGA1151,4,,false
73449,LGA1151,4,,false
73450,LGA1151,2,,false
73451,LGA1151,2,,false
73452,LGA1151,4,,false
73453,LGA1151,4,,false
73454,LGA1151,4,,false
73455,LGA1151,4,,false
73456,LGA1151,2,,false
73457,LGA1151,4,,false
73458,LGA1151,4,,false
73459,LGA1151,4,,false
73460,AM4,4,,false
73461,LGA1151,4,,false
73462,LGA1151,4,,false
73463,LGA2066,8,,false
73464,LGA1151,2,,false
73465,LGA2066,8,,false
73466,LGA1151,2,,false
73467,LGA1151,2,,false
73468,LGA1151,2,,false
73469,LGA1151,2,,false
73470,LGA1366,6,,false
73471,LGA1151,2,,false
73472,LGA2066,8,,false
73473,AM4,2,,false
73474,LGA2066,8,,false
73475,LGA2011-3,8,,false
73476,LGA1151,2,,false
73477,AM4,4,,false
73478,LGA1200,4,,false
73479,LGA2066,8,,false
73480,LGA2066,8,,false
73481,LGA1151,4,,false
73482,AM4,2,,false
73483,AM4,4,,false
73484,AM4,4,,false
73485,LGA1200,2,,false
73486,LGA1200,4,,false
73487,LGA1200,2,,false
73488,LGA1700,4,,false
73489,LGA1700,4,,false
73490,LGA1200,4,,false
73491,AM4,2,,false
73492,AM4,2,,false
73493,LGA1700,4,,false
73494,LGA1700,2,,false
73495,LGA1700,2,,false
73496,AM5,4,,false
73497,LGA1700,2,,false
73498,AM5,2,,false
73499,LGA1150,4,,false
73500,LGA1200,2,,false
73501,LGA1700,2,,false
73502,LGA1151,4,,false
73503,LGA1155,4,,false
73504,LGA1200,2,,false
73505,LGA1156,4,,false
73506,LGA1156,4,,false
73507,LGA1156,4,,false
73508,AM3/AM2+/AM2,2,,false
73509,AM3,4,,false
73510,AM3/AM2+/AM2,4,,false
73511,AM3,4,,false
73512,AM3,4,,false
73513,AM3,4,,false
73514,AM3,4,,false
73515,AM3,4,,false
73516,LGA775,4,,false
73517,LGA775,2,,false
73518,LGA775,4,,false
73519,LGA775,2,,false
73520,LGA1366,6,,false
73521,LGA1156,2,,false
73522,LGA775,2,,false
73523,LGA775,4,,false
73524,LGA1156,2,,false
73525,LGA1366,6,,false
73526,AM3/AM2+,2,,false
73527,AM2+/AM2,4,,false
73528,AM3,4,,false
73529,AM3,2,,false
73530,AM3/AM2+/AM2,4,,false
73531,AM3,4,,false
73532,LGA1156,4,,false
73533,LGA775,2,,false
73534,LGA1156,2,,false
73535,LGA775,2,,false
73536,LGA1156,2,,false
73537,LGA1366,6,,false
73538,LGA1366,6,,false
73539,LGA1155,4,,false
73540,LGA1155,2,,false
73541,LGA1155,4,,false
73542,LGA1155,4,,false
73543,AM3,2,,false
73544,LGA1155,4,,false
73545,LGA1155,4,,false
73546,LGA1155,4,,false
73547,AM3/AM2+/AM2,4,,false
73548,LGA1155,2,,false
73549,LGA1156,4,,false
73550,AM3,4,,false
73551,LGA1155,4,,false
73552,AM3,2,,false
73553,LGA1366,6,,false
73554,LGA1155,4,,false
73555,LGA1155,4,,false
73556,LGA1155,4,,false
73557,LGA1366,6,,false
73558,LGA1155,4,,false
73559,AM3,4,,false
73560,LGA775,4,,false
73561,LGA1155,2,,false
73562,LGA1155,4,,false
73563,LGA1155,4,,false
73564,Integrated E-Series E-350,2,,false
73565,Integrated Atom D425,2,,false
73566,Integrated Atom D510,2,,false
73567,LGA1155,4,,false
73568,LGA1155,4,,false
73569,AM3+,4,,false
73570,LGA775,2,,false
73571,LGA775,2,,false
73572,LGA1155,4,,false
73573,AM3+,4,,false
73574,LGA1155,4,,false
73575,FM1,2,,false
73576,FM1,4,,false
73577,FM1,4,,false
73578,FM1,4,,false
73579,LGA1155,4,,false
73580,FM1,4,,false
73581,LGA1155,4,,false
73582,FM1,2,,false
73583,AM2,2,,false
73584,FM1,2,,false
73585,LGA1155,4,,false
73586,LGA1155,4,,false
73587,LGA1155,4,,false
73588,AM3+,4,,false
73589,LGA1155,4,,false
73590,LGA1155,2,,false
73591,FM1,2,,false
73592,LGA1155,4,,false
73593,LGA1155,2,,false
73594,LGA1155,4,,false
73595,LGA1155,4,,false
73596,LGA1155,4,,false
73597,LGA2011,6,,false
73598,LGA1155,2,,false
73599,LGA1155,4,,false
73600,LGA1155,4,,false
73601,LGA1155,4,,false
73602,LGA1155,4,,false
73603,AM3+,4,,false
73604,LGA1155,4,,false
73605,LGA1155,2,,false
73606,LGA1155,4,,false
73607,LGA1155,2,,false
73608,LGA1155,2,,false
73609,LGA1155,4,,false
73610,LGA1155,4,,false
73611,LGA1155,4,,false
73612,FM1,2,,false
73613,LGA1155,4,,false
73614,LGA1155,2,,false
73615,FM2,4,,false
73616,FM2,4,,false
73617,LGA1155,2,,false
73618,LGA1155,4,,false
73619,LGA1155,2,,false
73620,LGA1155,4,,false
73621,FM2,2,,false
73622,LGA1155,4,,false
73623,Integrated Celeron 847,2,,false
73624,LGA1155,2,,false
73625,FM2,2,,false
73626,AM3+,2,,false
73627,LGA1155,2,,false
73628,LGA1150,4,,false
73629,LGA1150,4,,false
73630,LGA1150,4,,false
73631,LGA1150,2,,false
73632,LGA1150,4,,false
73633,LGA2011,4,,false
73634,LGA1150,4,,false
73635,Integrated Celeron 1037U,2,,false
73636,LGA1150,2,,false
73637,LGA1150,2,,false
73638,FM2,2,,false
73639,LGA1155,2,,false
73640,LGA1150,4,,false
73641,FM2+,4,,false
73642,LGA1150,2,,false
73643,FM2+,4,,false
73644,AM3+,4,,false
73645,LGA1150,4,,false
73646,LGA1150,4,,false
73647,LGA1150,2,,false
73648,FM2+,2,,false
73649,LGA1150,2,,false
73650,FM2+,2,,false
73651,FM2+,2,,false
73652,FM2,4,,false
73653,FM2,4,,false
73654,LGA1150,2,,false
73655,LGA1150,4,,false
73656,LGA1150,2,,false
73657,LGA1150,4,,false
73658,LGA1150,2,,false
73659,LGA1150,4,,false
73660,LGA1150,2,,false
73661,LGA1150,4,,false
73662,LGA1150,4,,false
73663,LGA1150,4,,false
73664,LGA1150,4,,false
73665,LGA1150,4,,false
73666,LGA1150,2,,false
73667,LGA1150,4,,false
73668,FM2+,2,,false
73669,LGA1150,2,,false
73670,LGA2011-3,8,,false
73671,LGA1150,2,,false
73672,LGA775,2,,false
73673,LGA1150,2,,false
73674,LGA1150,4,,false
73675,LGA2011-3,8,,false
73676,LGA1150,4,,false
73677,LGA1151,4,,false
73678,LGA1151,4,,false
73679,LGA1151,4,,false
73680,LGA1151,4,,false
73681,LGA1151,4,,false
73682,LGA1151,4,,false
73683,LGA1151,4,,false
73684,LGA1151,4,,false
73685,LGA1151,2,,false
73686,LGA1151,2,,false
73687,LGA1151,4,,false
73688,LGA1151,4,,false
73689,Integrated Celeron N3150,2,,false
73690,LGA1151,4,,false
73691,LGA1151,2,,false
73692,LGA1151,4,,false
73693,LGA1151,4,,false
73694,LGA1151,4,,false
73695,LGA1151,2,,false
73696,LGA1151,4,,false
73697,LGA1151,2,,false
73698,LGA1151,4,,false
73699,LGA1151,4,,false
73700,LGA1151,2,,false
73701,LGA1151,4,,false
73702,LGA1151,4,,false
73703,LGA1151,4,,false
73704,LGA1151,4,,false
73705,LGA1151,4,,false
73706,LGA1151,4,,false
73707,LGA1151,4,,false
73708,AM4,4,,false
73709,AM4,2,,false
73710,LGA1151,2,,false
73711,LGA2066,8,,false
73712,LGA2066,8,,false
73713,LGA2066,8,,false
73714,LGA2066,8,,false
73715,LGA1151,4,,false
73716,LGA1151,4,,false
73717,LGA2066,8,,false
73718,LGA1151,4,,false
73719,LGA1151,4,,false
73720,AM4,4,,false
73721,AM4,4,,false
73722,LGA1151,2,,false
73723,LGA1200,4,,false
73724,LGA1200,2,,false
73725,LGA1200,2,,false
73726,LGA1151,2,,false
73727,LGA2066,8,,false
73728,LGA1200,4,,false
73729,LGA1200,4,,false
73730,LGA1200,4,,false
73731,LGA1200,2,,false
73732,LGA1700,2,,false
73733,LGA1700,2,,false
73734,LGA1700,4,,false
73735,AM5,4,,true
73736,LGA1700,2,,false
73737,LGA1700,4,,false
73738,LGA1700,4,,false
73739,LGA1700,4,,false
73740,LGA1700,2,,false
73741,AM5,2,,false
73742,LGA1700,2,,false
73743,AM5,2,,false
73744,LGA1700,2,,false
73745,LGA1700,2,,false
73746,LGA1700,2,,false
73747,LGA1700,4,,false
73748,AM5,2,,false
73749,LGA1700,2,,false
73750,LGA1700,2,,false
73751,LGA1156,2,,false
73752,LGA1156,4,,false
73753,LGA1156,4,,false
73754,LGA1156,4,,false
73755,LGA1156,4,,false
73756,LGA1156,4,,false
73757,LGA1156,6,,false
73758,AM3,2,,false
73759,AM3,2,,false
73760,AM3/AM2+/AM2,2,,false
73761,AM3/AM2+/AM2,2,,false
73762,AM3/AM2+/AM2,2,,false
73763,AM3,4,,false
73764,AM3,4,,false
73765,AM3/AM2+/AM2,4,,false
73766,AM3,4,,false
73767,AM3,4,,false
73768,AM3,4,,false
73769,LGA1366,6,,false
73770,LGA1366,6,,false
73771,LGA1156,4,,false
73772,AM3,4,,false
73773,LGA1156,4,,false
73774,LGA1156,4,,false
73775,AM3,2,,false
73776,AM3,4,,false
73777,LGA1156,2,,false
73778,AM3,2,,false
73779,AM3,4,,false
73780,LGA1156,4,,false
73781,AM3,4,,false
73782,AM3,4,,false
73783,LGA1156,4,,false
73784,AM3,4,,false
73785,AM2+/AM2,2,,false
73786,AM3,2,,false
73787,AM3/AM2+/AM2,4,,false
73788,AM3,2,,false
73789,AM3,4,,false
73790,AM3,2,,false
73791,AM3,4,,false
73792,LGA775,2,,false
73793,AM3,4,,false
73794,AM3,4,,false
73795,AM3,4,,false
73796,AM3/AM2+/AM2,2,,false
73797,AM3,4,,false
73798,AM3,2,,false
73799,LGA1156,4,,false
73800,LGA775,2,,false
73801,AM3,4,,false
73802,LGA1156,4,,false
73803,AM3,2,,false
73804,LGA1156,4,,false
73805,LGA1156,4,,false
73806,LGA775,4,,false
73807,LGA1156,2,,false
73808,LGA1156,2,,false
73809,AM3,2,,false
73810,LGA1155,4,,false
73811,LGA1155,2,,false
73812,LGA1155,2,,false
73813,LGA1155,4,,false
73814,LGA1155,4,,false
73815,LGA1155,4,,false
73816,LGA1155,4,,false
73817,LGA1155,4,,false
73818,LGA1155,4,,false
73819,LGA1155,4,,false
73820,LGA1155,4,,false
73821,LGA1156,2,,false
73822,LGA1156,2,,false
73823,LGA1155,4,,false
73824,LGA1155,4,,false
73825,LGA1366,6,,false
73826,AM3,2,,false
73827,LGA775,4,,false
73828,AM2+/AM2,2,,false
73829,AM3,4,,false
73830,LGA1155,4,,false
73831,LGA1155,4,,false
73832,LGA1155,2,,false
73833,LGA1155,2,,false
73834,LGA1155,4,,false
73835,LGA1155,4,,false
73836,LGA1155,4,,false
73837,AM3,4,,false
73838,LGA1155,4,,false
73839,LGA1155,2,,false
73840,LGA1155,4,,false
73841,LGA1155,2,,false
73842,LGA1155,4,,false
73843,LGA1155,2,,false
73844,LGA1155,4,,false
73845,AM3,2,,false
73846,Integrated Atom 330,2,,false
73847,Integrated E-Series E-350,2,,false
73848,Integrated E-Series E-350,2,,false
73849,Integrated E-Series E-350,2,,false
73850,Integrated E-Series E-350,2,,false
73851,LGA1155,4,,false
73852,LGA1155,4,,false
73853,LGA1155,4,,false
73854,LGA1155,4,,false
73855,Integrated E-Series E-350,2,,false
73856,AM2+/AM2,4,,false
73857,LGA1155,2,,false
73858,LGA1156,4,,false
73859,LGA1155,4,,false
73860,AM3,2,,false
73861,LGA1155,2,,false
73862,LGA1155,4,,false
73863,LGA1155,4,,false
73864,AM3+,4,,false
73865,AM3,2,,false
73866,FM1,4,,false
73867,LGA1155,4,,false
73868,LGA1155,4,,false
73869,LGA1155,4,,false
73870,LGA1155,4,,false
73871,LGA1155,2,,false
73872,LGA1155,4,,false
73873,LGA1155,4,,false
73874,FM1,2,,false
73875,LGA1155,4,,false
73876,FM1,2,,false
73877,FM1,4,,false
73878,LGA1155,2,,false
73879,AM3+,4,,false
73880,AM3+,4,,false
73881,LGA2011,4,,false
73882,LGA2011,4,,false
73883,FM1,2,,false
73884,FM1,4,,false
73885,FM1,2,,false
73886,FM1,2,,false
73887,AM3+,2,,false
73888,AM3+,2,,false
73889,LGA2011,4,,false
73890,AM3+,4,,false
73891,LGA1155,2,,false
73892,LGA1155,4,,false
73893,LGA1155,2,,false
73894,AM3+,2,,false
73895,LGA1155,4,,false
73896,AM3+,4,,false
73897,LGA1156,2,,false
73898,LGA1155,2,,false
73899,LGA1155,4,,false
73900,LGA1155,4,,false
73901,LGA1155,4,,false
73902,LGA1155,4,,false
73903,LGA1155,4,,false
73904,FM1,4,,false
73905,LGA1155,4,,false
73906,Integrated Atom D2700,2,,false
73907,FM1,4,,false
73908,LGA1155,4,,false
73909,Integrated Atom D2500,2,,false
73910,AM3+,4,,false
73911,LGA1155,2,,false
73912,LGA1155,4,,false
73913,LGA1155,2,,false
73914,LGA1155,2,,false
73915,AM3+,2,,false
73916,FM1,2,,false
73917,AM3,2,,false
73918,LGA2011,4,,false
73919,LGA1155,4,,false
73920,FM1,2,,false
73921,AM3+,2,,false
73922,AM3+,4,,false
73923,Integrated E-Series E-450,2,,false
73924,LGA1155,4,,false
73925,FM2,4,,false
73926,FM2,4,,false
73927,FM2,4,,false
73928,FM1,2,,false
73929,FM2,2,,false
73930,FM2,4,,false
73931,LGA1155,4,,false
73932,FM2,4,,false
73933,FM2,4,,false
73934,FM2,4,,false
73935,FM2,4,,false
73936,LGA1155,4,,false
73937,FM2,2,,false
73938,LGA1155,4,,false
73939,FM2,2,,false
73940,LGA1155,2,,false
73941,FM2,2,,false
73942,AM3+,4,,false
73943,AM3,2,,false
73944,Integrated Athlon II X2 215,2,,false
73945,LGA1155,4,,false
73946,FM2,2,,false
73947,LGA1150,4,,false
73948,LGA1150,4,,false
73949,LGA1150,4,,false
73950,LGA1150,4,,false
73951,LGA1150,2,,false
73952,LGA1150,4,,false
73953,LGA1150,2,,false
73954,LGA1150,4,,false
73955,LGA1150,4,,false
73956,LGA1150,4,,false
73957,LGA1150,4,,false
73958,LGA1150,4,,false
73959,LGA1150,4,,false
73960,FM2+,2,,false
73961,LGA1150,4,,false
73962,LGA1150,2,,false
73963,FM2+,4,,false
73964,LGA1150,2,,false
73965,FM2+,4,,false
73966,AM3+/AM3,4,,false
73967,FM2+,2,,false
73968,LGA1150,2,,false
73969,LGA1150,4,,false
73970,LGA1150,4,,false
73971,LGA1150,2,,false
73972,LGA1150,4,,false
73973,LGA1150,2,,true
73974,LGA1150,4,,false
73975,LGA1150,4,,false
73976,LGA1150,2,,false
73977,LGA1150,2,,true
73978,LGA1150,2,,false
73979,LGA1150,2,,false
73980,LGA1150,2,,false
73981,LGA1150,4,,false
73982,AM1,2,,false
73983,LGA1150,4,,false
73984,LGA1150,4,,false
73985,FM2+,2,,false
73986,LGA1150,2,,false
73987,FM2+,4,,false
73988,LGA1150,2,,false
73989,FM2+,4,,false
73990,LGA1150,2,,false
73991,FM2+,4,,false
73992,LGA1150,2,,false
73993,FM2+,2,,false
73994,LGA1150,4,,false
73995,LGA1150,4,,false
73996,LGA1150,4,,false
73997,LGA1151,4,,false
73998,LGA1151,4,,false
73999,LGA1151,4,,false
74000,LGA1151,4,,false
74001,LGA1151,4,,false
74002,LGA1151,4,,false
74003,LGA1155,4,,false
74004,LGA1151,4,,false
74005,AM3/AM2+/AM2,4,,false
74006,LGA1151,4,,false
74007,LGA1151,2,,false
74008,LGA1151,4,,false
74009,LGA1366,6,,false
74010,LGA1151,4,,false
74011,AM3+/AM3,4,,false
74012,FM2+,4,,false
74013,LGA1151,4,,false
74014,LGA1151,4,,false
74015,LGA1156,4,,false
74016,LGA1151,4,,false
74017,LGA1150,4,,false
74018,LGA1151,2,,false
74019,LGA1151,4,,false
74020,LGA1151,4,,false
74021,LGA1151,4,,false
74022,LGA1151,4,,false
74023,LGA1151,4,,false
74024,LGA2066,8,,false
74025,LGA1151,4,,false
74026,LGA1151,4,,false
74027,LGA1151,2,,false
74028,LGA1151,4,,false
74029,LGA2066,4,,false
74030,LGA1151,2,,false
74031,AM3,4,,false
74032,LGA1151,4,,false
74033,AM4,4,,false
74034,LGA1151,4,,false
74035,LGA1151,2,,false
74036,LGA1200,2,,false
74037,AM4,4,,false
74038,LGA1200,2,,false
74039,LGA1200,2,,false
74040,LGA1200,2,,true
74041,LGA1200,4,,false
74042,LGA1700,2,,false
74043,LGA1700,2,,false
74044,LGA1700,4,,false
74045,LGA1700,4,,false
74046,LGA1700,2,,false
74047,LGA1200,4,,false
74048,LGA1700,4,,false
74049,LGA1700,2,,false
74050,LGA1200,2,,false
74051,LGA1200,4,,false
74052,LGA1200,4,,false
74053,LGA1700,2,,false
74054,LGA1700,2,,false
74055,LGA1700,2,,false
74056,AM5,4,,false
74057,LGA1200,2,,false
74058,LGA1200,2,,false
74059,AM4,2,,false
74060,AM5,2,,false
74061,LGA1700,2,,false
74062,LGA1700,2,,false
74063,LGA1700,2,,false
74064,LGA1700,2,,false
74065,LGA1700,2,,false
74066,LGA1700,2,,false
74067,LGA1700,2,,false
74068,LGA1700,4,,false
74069,LGA1200,2,,false
74070,LGA1700,2,,true
74071,LGA1700,4,,false
74072,LGA1151,4,,false
74073,LGA1156,4,,false
74074,LGA1156,4,,false
74075,LGA1156,4,,false
74076,LGA1156,4,,false
74077,AM3,4,,false
74078,AM3/AM2+,2,,false
74079,AM3,4,,false
74080,AM3/AM2+/AM2,4,,false
74081,AM3,4,,false
74082,AM3,4,,false
74083,AM3,4,,false
74084,AM3/AM2+/AM2,2,,false
74085,AM3/AM2+/AM2,4,,false
74086,AM3,4,,false
74087,AM3,4,,false
74088,AM3/AM2+/AM2,4,,false
74089,AM3/AM2+/AM2,4,,false
74090,AM3,4,,false
74091,AM3,4,,false
74092,AM3,4,,false
74093,AM3,4,,false
74094,AM3,4,,false
74095,AM3,4,,false
74096,AM3,4,,false
74097,AM3,4,,false
74098,AM3,4,,false
74099,AM3,4,,false
74100,LGA1366,6,,false
74101,AM3/AM2+/AM2,2,,false
74102,AM3,2,,false
74103,AM3,4,,false
74104,AM3,4,,false
74105,LGA1366,6,,false
74106,AM3,4,,false
74107,AM3/AM2+/AM2,2,,false
74108,LGA1156,4,,false
74109,Integrated Atom D525,2,,false
74110,Integrated Atom D525,2,,false
74111,AM3,4,,false
74112,AM3,2,,false
74113,AM3/AM2+/AM2,4,,false
74114,AM3,2,,false
74115,AM3,4,,false
74116,LGA1366,6,,false
74117,AM3/AM2+/AM2,4,,false
74118,AM3/AM2+,4,,false
74119,AM3,2,,false
74120,AM3,4,,false
74121,LGA1366,6,,false
74122,AM3,4,,false
74123,AM3,4,,false
74124,AM3,4,,false
74125,AM3,4,,false
74126,AM3,4,,false
74127,AM3,4,,false
74128,LGA775,2,,false
74129,LGA1156,4,,false
74130,AM3/AM2+/AM2,2,,false
74131,AM3,4,,false
74132,AM3,2,,false
74133,AM3,2,,false
74134,AM3,4,,false
74135,LGA1156,4,,false
74136,LGA1156,4,,false
74137,LGA1156,4,,false
74138,LGA1156,4,,false
74139,AM3,4,,false
74140,LGA1156,4,,false
74141,AM2+/AM2,4,,false
74142,AM3,4,,false
74143,LGA1156,2,,false
74144,LGA1156,4,,false
74145,AM3,4,,false
74146,AM3,4,,false
74147,LGA1156,4,,false
74148,AM3,2,,false
74149,LGA1366,6,,false
74150,AM3/AM2+/AM2,4,,false
74151,AM3,4,,false
74152,LGA1156,4,,false
74153,AM3/AM2+/AM2,2,,false
74154,LGA1156,4,,false
74155,LGA1156,4,,false
74156,LGA1156,4,,false
74157,LGA1156,4,,false
74158,LGA1156,2,,false
74159,LGA1156,2,,false
74160,LGA1156,4,,false
74161,LGA1156,4,,false
74162,AM3,2,,false
74163,AM3/AM2+/AM2,2,,false
74164,AM3/AM2+,2,,false
74165,AM3,2,,false
74166,AM3/AM2+/AM2,4,,false
74167,LGA1156,2,,false
74168,AM3,4,,false
74169,AM3,4,,false
74170,AM3,4,,false
74171,AM3,2,,false
74172,AM3,4,,false
74173,AM3,2,,false
74174,AM3,4,,false
74175,LGA1155,4,,false
74176,LGA1155,4,,false
74177,LGA1155,4,,false
74178,LGA1155,4,,false
74179,LGA1155,4,,false
74180,LGA1155,4,,false
74181,LGA1155,4,,false
74182,LGA1155,2,,false
74183,LGA1155,4,,false
74184,LGA1155,4,,false
74185,LGA1155,4,,false
74186,LGA1155,4,,false
74187,LGA1155,4,,false
74188,LGA1155,4,,false
74189,AM3,4,,false
74190,LGA1155,4,,false
74191,LGA1155,4,,false
74192,LGA1155,4,,false
74193,LGA1155,4,,false
74194,LGA1155,4,,false
74195,LGA1155,4,,false
74196,LGA1155,2,,false
74197,LGA1155,4,,false
74198,LGA1155,4,,false
74199,LGA1155,2,,false
74200,LGA1155,4,,false
74201,LGA1155,4,,false
74202,LGA1155,2,,false
74203,LGA1155,4,,false
74204,LGA1155,4,,false
74205,AM3,2,,false
74206,AM3,4,,false
74207,AM3,4,,false
74208,AM3,4,,false
74209,LGA1155,4,,false
74210,AM3,4,,false
74211,AM3,2,,false
74212,AM3,4,,false
74213,LGA1155,4,,false
74214,AM3,4,,false
74215,LGA1156,4,,false
74216,LGA1156,4,,false
74217,LGA1366,6,,false
74218,AM3,4,,false
74219,AM3,4,,false
74220,AM3,4,,false
74221,LGA1366,6,,false
74222,LGA1156,4,,false
74223,AM3,2,,false
74224,AM3,2,,false
74225,AM3,4,,false
74226,LGA1155,2,,false
74227,LGA1156,4,,false
74228,LGA1155,4,,false
74229,LGA1155,2,,false
74230,LGA1155,4,,false
74231,LGA1155,4,,false
74232,LGA1155,4,,false
74233,LGA1155,4,,false
74234,AM3,2,,false
74235,LGA1155,4,,false
74236,LGA1155,2,,false
74237,LGA1155,2,,false
74238,LGA1155,4,,false
74239,LGA1155,4,,false
74240,LGA1155,2,,false
74241,LGA1155,4,,false
74242,LGA1155,2,,false
74243,LGA1155,4,,false
74244,LGA1155,4,,false
74245,LGA1155,4,,false
74246,LGA1155,4,,false
74247,AM3,4,,false
74248,AM3,2,,false
74249,LGA1155,4,,false
74250,AM3,4,,false
74251,AM3,4,,false
74252,LGA1155,4,,false
74253,AM3,4,,false
74254,AM3,2,,false
74255,LGA1155,4,,false
74256,AM3,4,,false
74257,AM3,2,,false
74258,LGA1155,4,,false
74259,LGA1155,4,,false
74260,LGA1155,4,,false
74261,AM3,4,,false
74262,LGA1155,4,,false
74263,LGA1155,4,,false
74264,LGA1155,4,,false
74265,AM3+,4,,false
74266,AM3,2,,false
74267,LGA1155,2,,false
74268,LGA1155,2,,false
74269,Integrated E-Series E-350,2,,false
74270,Integrated Atom D525,2,,false
74271,Integrated Atom D510,2,,false
74272,Integrated Atom D525,2,,false
74273,Integrated E-Series E-350,2,,false
74274,Integrated Atom D510,2,,false
74275,Integrated E-Series E-350,2,,false
74276,Integrated Atom D525,2,,false
74277,Integrated E-Series E-350,2,,false
74278,Integrated E-Series E-350,2,,false
74279,Integrated Atom D525,2,,false
74280,Integrated E-Series E-350,2,,false
74281,Integrated Atom D525,2,,false
74282,LGA1155,4,,false
74283,LGA1155,4,,false
74284,LGA1155,4,,false
74285,Integrated Atom D510,2,,false
74286,Integrated E-Series E-350,2,,false
74287,AM3,2,,false
74288,AM3,4,,false
74289,LGA1155,4,,false
74290,LGA1155,4,,false
74291,Integrated Atom D525,2,,false
74292,AM3,2,,false
74293,AM2,4,,false
74294,LGA1155,4,,false
74295,LGA1155,4,,false
74296,Integrated Atom 330,2,,false
74297,AM3,4,,false
74298,LGA1155,2,,false
74299,LGA1155,2,,false
74300,Integrated E-Series E-350,2,,false
74301,FM1,4,,false
74302,FM1,4,,false
74303,AM3,2,,false
74304,FM1,4,,false
74305,FM1,2,,false
74306,LGA1156,4,,false
74307,Integrated Atom D525,2,,false
74308,LGA1155,4,,false
74309,LGA1155,4,,false
74310,FM1,2,,false
74311,FM1,4,,false
74312,LGA1155,4,,false
74313,LGA1155,4,,false
74314,FM1,4,,false
74315,AM3+,4,,false
74316,FM1,4,,false
74317,FM1,4,,false
74318,AM3,2,,false
74319,AM3+,4,,false
74320,FM1,4,,false
74321,LGA1155,2,,false
74322,AM3,4,,false
74323,LGA1155,4,,false
74324,Integrated Atom D510,2,,false
74325,LGA1155,2,,false
74326,AM3,2,,false
74327,AM3/AM2+/AM2,2,,false
74328,LGA1155,4,,false
74329,LGA1155,4,,false
74330,LGA1155,4,,false
74331,FM1,2,,false
74332,FM1,2,,false
74333,FM1,2,,false
74334,AM3+,4,,false
74335,LGA1155,4,,false
74336,LGA1155,2,,false
74337,AM3,2,,false
74338,LGA1155,2,,false
74339,Integrated Atom D525,2,,false
74340,FM1,4,,false
74341,FM1,2,,false
74342,FM1,2,,false
74343,LGA2011,4,,false
74344,LGA1155,4,,false
74345,LGA1155,4,,false
74346,LGA1155,2,,false
74347,LGA2011,4,,false
74348,FM1,4,,false
74349,LGA1155,4,,false
74350,LGA1155,2,,false
74351,AM3,2,,false
74352,Integrated Atom D2700,2,,false
74353,AM3+/AM3,4,,false
74354,AM3+,2,,false
74355,LGA1155,4,,false
74356,Integrated Atom D2500,2,,false
74357,Integrated Atom D2700,2,,false
74358,FM1,2,,false
74359,Integrated Atom D2700,2,,false
74360,AM3+,4,,false
74361,LGA1155,4,,false
74362,LGA1155,4,,false
74363,LGA1156,4,,false
74364,AM3,4,,false
74365,FM1,4,,false
74366,FM1,4,,false
74367,LGA1155,2,,false
74368,LGA1155,4,,false
74369,Integrated Atom D2700,2,,false
74370,LGA1155,4,,false
74371,LGA1155,4,,false
74372,AM3+,2,,false
74373,Integrated Atom D2500,2,,false
74374,LGA1155,4,,false
74375,LGA1155,4,,false
74376,LGA2011,4,,false
74377,LGA2011,4,,false
74378,Integrated Atom D2700,2,,false
74379,LGA1155,4,,false
74380,LGA1155,4,,false
74381,LGA1155,4,,false
74382,LGA1155,4,,false
74383,AM3+,4,,false
74384,Integrated Atom D2500,2,,false
74385,AM3+,2,,false
74386,FM1,2,,false
74387,LGA1155,4,,false
74388,LGA1155,4,,false
74389,FM1,2,,false
74390,FM1,2,,false
74391,LGA1155,4,,false
74392,FM2,2,,false
74393,FM2,4,,false
74394,FM2,2,,false
74395,FM2,4,,false
74396,FM2,2,,false
74397,FM2,2,,false
74398,FM2,2,,false
74399,FM2,2,,false
74400,FM2,4,,false
74401,FM2,4,,false
74402,FM2,2,,false
74403,LGA1155,4,,false
74404,FM2,2,,false
74405,FM2,4,,false
74406,AM3+,4,,false
74407,LGA1155,4,,false
74408,FM2,2,,false
74409,FM2,2,,false
74410,LGA1155,2,,false
74411,LGA2011,4,,false
74412,LGA1155,4,,false
74413,FM2,2,,false
74414,FM2,2,,false
74415,LGA1150,4,,false
74416,LGA1150,4,,false
74417,LGA1150,4,,false
74418,LGA1150,4,,false
74419,FM2,2,,false
74420,LGA1150,4,,false
74421,FM2,2,,false
74422,LGA1150,2,,false
74423,LGA1150,2,,false
74424,FM2,2,,false
74425,FM2,2,,false
74426,LGA1150,4,,false
74427,Integrated Atom D2550,2,,false
74428,FM2+,2,,false
74429,LGA1150,4,,false
74430,FM2+,2,,false
74431,FM2+,2,,false
74432,LGA1150,2,,false
74433,FM2+,2,,false
74434,LGA1150,2,,false
74435,FM2+,2,,false
74436,LGA1150,4,,false
74437,LGA1150,2,,false
74438,LGA1150,2,,false
74439,LGA1150,4,,false
74440,LGA1150,4,,false
74441,AM1,2,,false
74442,LGA1150,4,,false
74443,LGA1150,4,,false
74444,LGA1150,4,,false
74445,FM2+,2,,false
74446,Integrated Celeron J1900,2,,false
74447,LGA1150,4,,false
74448,FM2+,4,,false
74449,LGA1150,4,,false
74450,LGA1151,4,,false
74451,LGA1150,4,,false
74452,LGA1150,4,,false
74453,LGA1151,4,,false
74454,LGA1151,4,,false
74455,LGA1151,4,,false
74456,LGA1151,4,,false
74457,LGA1151,4,,false
74458,LGA1151,4,,false
74459,LGA1151,2,,false
74460,LGA1151,2,,false
74461,LGA1151,2,,false
74462,AM4,2,,false
74463,LGA1151,4,,false
74464,LGA1151,4,,false
74465,LGA1151,4,,false
74466,LGA1200,2,,false
74467,LGA2066,8,,false
74468,AM4,2,,false
74469,LGA1200,2,,false
74470,LGA1700,2,,false
74471,LGA1700,2,,false
74472,LGA1151,2,,false
74473,LGA1700,4,,false
74474,LGA1700,2,,false
74475,LGA1700,4,,false
74476,LGA1700,2,,false
74477,LGA1700,2,,false
74478,LGA1700,4,,false
74479,LGA1200,2,,false
74480,LGA1700,2,,false
74481,LGA1700,2,,false
74482,LGA1200,2,,false
74483,LGA1700,2,,false
74484,LGA1700,2,,false
74485,LGA1700,2,,false
