model_no,type,efficiency,wattage,modular,color
80001,ATX,gold,750,Full,Black
80002,ATX,gold,850,Full,Black
80003,ATX,gold,1000,Full,Black
80004,ATX,gold,650,Full,Black
80005,ATX,bronze,650,FALSE,Black
80006,ATX,gold,850,Full,Black
80007,ATX,bronze,650,Semi,Black
80008,ATX,bronze,550,FALSE,Black
80009,SFX,platinum,750,Full,
80010,ATX,gold,850,Full,White / Black
80011,ATX,gold,850,Full,Black
80012,ATX,plus,500,FALSE,
80013,ATX,gold,850,Full,Black
80014,ATX,gold,1000,Full,Black
80015,ATX,titanium,1600,Full,Silver / Black
80016,ATX,plus,600,FALSE,
80017,ATX,gold,750,Full,Black
80018,ATX,gold,650,Full,Black
80019,SFX,gold,850,Full,Black
80020,ATX,gold,750,Full,Black
80021,ATX,gold,650,Semi,Black
80022,ATX,platinum,1500,Full,Black
80023,ATX,gold,650,Full,
80024,ATX,gold,750,Full,White / Black
80025,ATX,gold,750,Full,Black
80026,ATX,gold,850,Full,Black
80027,ATX,gold,750,Full,Black
80028,ATX,gold,750,Full,Black
80029,ATX,bronze,750,Semi,Black
80030,ATX,gold,850,Full,White
80031,ATX,gold,1000,Full,Black
80032,SFX,gold,1000,Full,Black
80033,ATX,bronze,750,FALSE,Black
80034,ATX,,2050,Full,Black / White
80035,ATX,bronze,650,FALSE,Black
80036,ATX,titanium,1600,Full,
80037,ATX,gold,600,FALSE,Black
80038,ATX,titanium,1000,Full,Black
80039,ATX,bronze,650,FALSE,Black
80040,ATX,bronze,650,Full,Black
80041,ATX,gold,600,FALSE,Black
80042,ATX,gold,1200,Full,Black
80043,SFX,gold,750,Full,Black
80044,ATX,gold,1000,Full,Black
80045,ATX,bronze,500,FALSE,
80046,ATX,gold,850,Full,Black
80047,ATX,bronze,550,FALSE,Black
80048,ATX,gold,850,Full,Black
80049,ATX,gold,850,Full,Black
80050,ATX,titanium,1600,Full,Black
80051,ATX,plus,700,FALSE,
80052,ATX,titanium,1600,Full,
80053,ATX,gold,850,Full,
80054,ATX,platinum,1000,Full,Black
80055,ATX,gold,1000,Full,Black
80056,ATX,platinum,1200,Full,Silver / Black
80057,ATX,gold,850,Full,Black
80058,SFX,gold,650,Full,Black
80059,ATX,gold,750,Full,Black
80060,ATX,gold,850,Full,Black
80061,ATX,gold,850,Full,White
80062,ATX,platinum,1200,Full,Black
80063,ATX,gold,750,Full,Black
80064,ATX,bronze,550,FALSE,Black
80065,ATX,gold,850,Full,Black
80066,ATX,gold,750,Full,Black
80067,SFX,gold,750,Full,Black
80068,ATX,gold,400,FALSE,Black
80069,ATX,gold,1000,Full,Black
80070,ATX,gold,750,Full,Black
80071,ATX,gold,1200,Full,White
80072,SFX,gold,850,Full,Black
80073,ATX,gold,750,FALSE,Black
80074,ATX,gold,850,Full,Black
80075,ATX,titanium,1600,Full,Black / Silver
80076,ATX,gold,650,Full,Black
80077,ATX,gold,750,Full,Black
80078,SFX,gold,750,Full,Black
80079,ATX,bronze,650,FALSE,Black
80080,ATX,gold,650,Full,Black
80081,ATX,gold,850,Full,White
80082,ATX,plus,500,FALSE,
80083,SFX,gold,850,Full,Black
80084,ATX,gold,850,Full,Black
80085,ATX,platinum,1000,Full,Black
80086,ATX,titanium,850,Full,Black
80087,ATX,gold,650,Full,Black
80088,ATX,platinum,1300,Full,Black / Copper
80089,ATX,,550,FALSE,Black
80090,ATX,gold,750,Full,Black
80091,ATX,gold,1000,Full,Black
80092,ATX,bronze,450,FALSE,Black
80093,ATX,platinum,750,Full,
80094,ATX,bronze,600,FALSE,
80095,ATX,gold,1200,Full,Black
80096,ATX,gold,1000,Full,Black
80097,ATX,bronze,500,FALSE,Black
80098,ATX,bronze,650,FALSE,Black
80099,ATX,titanium,1000,Full,Black
80100,ATX,gold,1000,Full,Black
80101,ATX,gold,1000,Full,Black
80102,ATX,gold,1200,Full,
80103,ATX,platinum,1200,Full,
80104,ATX,platinum,1000,Full,White
80105,ATX,gold,750,Full,
80106,ATX,gold,850,Full,Black
80107,ATX,gold,800,FALSE,Black
80108,ATX,gold,750,Full,White / Black
80109,ATX,gold,750,Full,Black
80110,ATX,gold,750,Full,Black
80111,ATX,gold,600,FALSE,Black
80112,ATX,gold,850,Semi,Black
80113,SFX,gold,850,Full,White
80114,ATX,bronze,750,FALSE,Black
80115,ATX,,480,FALSE,
80116,ATX,platinum,850,Full,Black / Teal
80117,ATX,gold,1050,Full,White
80118,ATX,bronze,850,Semi,Black
80119,ATX,gold,700,FALSE,Black
80120,ATX,gold,1000,Full,Black
80121,ATX,gold,750,Full,Black
80122,SFX,gold,750,Full,White
80123,ATX,gold,1200,Full / Side,Black
80124,ATX,gold,1000,Full,
80125,SFX,gold,850,Full,White
80126,ATX,gold,1000,Full,Black
80127,ATX,gold,1000,Full / Side,White
80128,ATX,gold,1650,Full,Black
80129,ATX,gold,1000,Full,Black
80130,ATX,platinum,850,Full,Black / Silver
80131,ATX,,400,FALSE,
80132,ATX,gold,850,Full,Black
80133,ATX,gold,850,Full / Side,Black
80134,ATX,gold,850,Full,White
80135,ATX,platinum,850,Full,Black
80136,ATX,gold,1000,Full,Black
80137,ATX,titanium,1300,Full,Black
80138,ATX,gold,550,Semi,
80139,ATX,gold,850,FALSE,Black
80140,ATX,platinum,850,Full,
80141,ATX,platinum,1000,Full,Silver / Black
80142,ATX,gold,1000,Full / Side,Black
80143,ATX,gold,1200,Full,Black / Silver
80144,ATX,gold,850,Full,Black
80145,ATX,gold,650,Semi,Black
80146,SFX,platinum,1100,Full,Black
80147,ATX,bronze,450,FALSE,Black
80148,ATX,gold,750,Full,Black
80149,ATX,gold,650,Full,Black
80150,ATX,platinum,750,Full,Black / Teal
80151,ATX,gold,750,Full / Side,Black
80152,ATX,gold,1000,Full,Black
80153,ATX,bronze,700,FALSE,
80154,ATX,platinum,2000,Full,
80155,SFX,platinum,1000,Full,Silver / Black
80156,ATX,bronze,650,FALSE,Black
80157,ATX,,500,FALSE,
80158,ATX,bronze,850,Full,Black
80159,ATX,gold,850,Full,Black
80160,SFX,gold,850,Full,Black
80161,ATX,bronze,750,Semi,Black
80162,TFX,,300,FALSE,
80163,ATX,gold,1200,Full,Black
80164,ATX,gold,1000,Full,Black
80165,SFX,gold,850,Full,Black
80166,ATX,bronze,750,FALSE,Black
80167,ATX,bronze,650,FALSE,Black
80168,ATX,gold,850,Full,Black
80169,SFX,gold,600,Full,
80170,ATX,gold,850,Full,Black
80171,ATX,bronze,500,FALSE,Black
80172,ATX,titanium,1600,Full,Black / Silver
80173,ATX,bronze,550,FALSE,Black
80174,ATX,bronze,450,FALSE,Black
80175,ATX,gold,750,Full,Black
80176,ATX,bronze,550,FALSE,
80177,ATX,gold,750,Full,White
80178,SFX,gold,550,Full,Black
80179,ATX,gold,700,FALSE,Black
80180,ATX,gold,750,Full,
80181,ATX,titanium,1300,Full,Black / Silver
80182,SFX,platinum,600,Full,Black
80183,ATX,gold,850,Full,White
80184,ATX,,750,FALSE,
80185,ATX,gold,1000,Full,White
80186,ATX,gold,650,Semi,
80187,ATX,gold,750,Full,Black
80188,ATX,bronze,650,FALSE,Black
80189,ATX,titanium,1000,Full,
80190,ATX,gold,850,Full,Black
80191,ATX,gold,750,Full,
80192,SFX,gold,500,Full,
80193,ATX,gold,1200,Full / Side,White
80194,ATX,plus,600,FALSE,
80195,ATX,gold,1000,Full,Black / Silver
80196,ATX,bronze,850,Semi,
80197,SFX,titanium,800,Full,
80198,ATX,gold,850,Full,Black
80199,ATX,platinum,1000,Full,
80200,ATX,platinum,1200,Full,Black / Silver
80201,ATX,gold,850,Full,Black
80202,SFX,gold,500,Full,
80203,ATX,plus,500,FALSE,Black
80204,ATX,bronze,750,FALSE,Black
80205,ATX,bronze,650,FALSE,Black
80206,ATX,gold,1600,Full,
80207,ATX,,2050,Full,Black
80208,SFX,bronze,450,FALSE,Black
80209,ATX,titanium,750,Full,Black
80210,ATX,platinum,1000,Full,Black / Copper
80211,ATX,bronze,650,FALSE,Black
80212,ATX,gold,750,Full,Black
80213,ATX,gold,1000,Full,White
80214,ATX,bronze,550,FALSE,Black
80215,ATX,gold,650,FALSE,Black / Blue
80216,ATX,gold,850,Full,Black
80217,ATX,plus,600,FALSE,Black
80218,SFX,platinum,750,Full,Black
80219,SFX,platinum,850,Full,White / Silver
80220,ATX,bronze,650,FALSE,Black
80221,ATX,gold,750,Full,Black
80222,ATX,bronze,750,Semi,Black
80223,ATX,gold,650,Full,Black
80224,ATX,bronze,750,FALSE,Black
80225,SFX,gold,750,Full,Black
80226,ATX,,500,FALSE,
80227,ATX,gold,650,Full,Black
80228,ATX,bronze,650,FALSE,Black
80229,ATX,bronze,500,FALSE,Black
80230,ATX,gold,550,Full,Black
80231,ATX,gold,850,Full,
80232,ATX,gold,650,Full,Black / Silver
80233,ATX,gold,1000,Full,Black
80234,SFX,platinum,850,Full,Black / Silver
80235,ATX,bronze,550,FALSE,Black
80236,ATX,platinum,1500,Full,Black
80237,SFX,gold,750,Full,Black
80238,ATX,,400,FALSE,
80239,ATX,gold,650,Full,Black
80240,ATX,bronze,750,FALSE,Black
80241,SFX,gold,500,Full,
80242,ATX,bronze,650,FALSE,Black
80243,ATX,platinum,850,Full,Black
80244,ATX,gold,1300,Full,Black
80245,ATX,platinum,1200,Full,Black
80246,ATX,gold,750,Full,Black / Red
80247,ATX,platinum,1200,Full,Black
80248,SFX,platinum,750,Full,Black / Silver
80249,ATX,gold,1000,Full,Black
80250,ATX,gold,850,FALSE,Black
80251,ATX,gold,850,Full,Black
80252,ATX,gold,1200,Full,Black
80253,ATX,bronze,650,FALSE,
80254,ATX,gold,850,Full,Black / White
80255,ATX,gold,650,FALSE,Black
80256,ATX,bronze,1050,Semi,Black
80257,ATX,platinum,1000,Full,Black
80258,ATX,bronze,700,Semi,Black
80259,ATX,platinum,1200,Full,Black
80260,SFX,platinum,850,Full,Black
80261,ATX,gold,1050,Full,Black
80262,ATX,gold,750,Semi,
80263,ATX,platinum,650,Full,Black / Teal
80264,ATX,gold,1000,Full,Black
80265,ATX,plus,600,FALSE,Black
80266,ATX,bronze,500,FALSE,Black
80267,ATX,gold,1000,Full,Black
80268,ATX,gold,850,Full,Black
80269,ATX,bronze,600,FALSE,Black
80270,ATX,gold,1050,Full,Black
80271,ATX,gold,850,Full,Black
80272,ATX,gold,850,Full,Black
80273,ATX,gold,500,FALSE,Black
80274,ATX,gold,850,Full,Black / Green
80275,ATX,gold,1200,Full,Black
80276,ATX,titanium,1000,Full,Black
80277,ATX,platinum,1200,Full,
80278,ATX,bronze,550,Semi,Black
80279,ATX,plus,650,FALSE,Black
80280,ATX,bronze,750,FALSE,Black
80281,ATX,gold,600,FALSE,Black
80282,ATX,bronze,450,FALSE,
80283,SFX,gold,650,Full,Black
80284,ATX,bronze,750,FALSE,
80285,ATX,bronze,650,Semi,Black
80286,ATX,platinum,1000,Full,
80287,ATX,bronze,750,FALSE,
80288,ATX,bronze,450,Semi,
80289,SFX,bronze,300,FALSE,Black
80290,ATX,gold,850,Full,Black
80291,ATX,gold,650,Full,Black
80292,ATX,gold,750,Full,
80293,ATX,gold,850,Full,White / Black
80294,ATX,gold,850,Full,Black
80295,ATX,plus,500,FALSE,
80296,ATX,platinum,2000,Full,Black
80297,Flex ATX,gold,500,FALSE,Black
80298,ATX,gold,750,Full,Black
80299,ATX,platinum,1000,Full,Black / Silver
80300,ATX,plus,350,FALSE,Black
80301,ATX,gold,850,Semi,Black
80302,ATX,bronze,650,FALSE,Black
80303,ATX,gold,750,FALSE,Black / Blue
80304,ATX,gold,850,Full,
80305,ATX,platinum,850,Full,
80306,ATX,bronze,600,FALSE,Black
80307,ATX,bronze,550,FALSE,Black
80308,ATX,gold,650,Semi,
80309,SFX,gold,600,Full,
80310,ATX,gold,850,Full / Side,White
80311,ATX,gold,750,Full,Black
80312,ATX,bronze,550,FALSE,Black
80313,ATX,gold,1000,Semi,Black
80314,ATX,bronze,550,Semi,
80315,SFX,platinum,1000,Full,Black
80316,Flex ATX,,600,FALSE,Black
80317,ATX,platinum,1200,Full,Black / Silver
80318,ATX,bronze,750,FALSE,Black
80319,SFX,titanium,1200,Full,Black / White
80320,ATX,bronze,500,Semi,Black
80321,ATX,gold,1200,Full,Black
80322,ATX,plus,500,FALSE,Black
80323,ATX,gold,800,FALSE,Black
80324,ATX,gold,1000,Full,Black
80325,ATX,gold,650,Full,Black
80326,ATX,gold,750,Semi,
80327,SFX,gold,650,Full,Black
80328,SFX,gold,750,Full,Black
80329,ATX,platinum,850,Full,Black / Red
80330,ATX,gold,850,Full,White
80331,ATX,gold,500,FALSE,Black
80332,ATX,gold,850,Full,White / Black
80333,ATX,bronze,600,Semi,
80334,ATX,bronze,650,Semi,
80335,ATX,gold,750,Full,Black
80336,ATX,,650,FALSE,
80337,ATX,gold,650,Full,Black / White
80338,ATX,gold,750,Full,Black / Green
80339,ATX,bronze,450,FALSE,Black
80340,ATX,gold,750,Semi,Black / Blue
80341,ATX,gold,850,Full,White
80342,ATX,plus,400,FALSE,Black
80343,ATX,bronze,650,Semi,
80344,ATX,gold,550,Full,Black
80345,ATX,gold,850,Full,Black
80346,ATX,gold,1000,Full,Black
80347,ATX,platinum,1000,Full,Black / Silver
80348,ATX,gold,650,Semi,Black
80349,ATX,gold,1350,Full,Black
80350,ATX,platinum,1050,Full,White
80351,ATX,platinum,1200,Full,Black
80352,ATX,gold,1000,Full,Black / Green
80353,ATX,gold,1250,Full,Black
80354,ATX,platinum,750,Full,Black
80355,ATX,bronze,300,FALSE,Black
80356,ATX,bronze,750,Semi,Black
80357,ATX,gold,750,Full,
80358,ATX,gold,850,Semi,
80359,ATX,gold,750,Full,Black
80360,ATX,gold,1000,Full,White
80361,ATX,gold,550,Full,Black
80362,ATX,bronze,750,FALSE,Black
80363,ATX,titanium,1600,Full,Black
80364,ATX,gold,500,Full,Black
80365,ATX,gold,650,Full,
80366,ATX,platinum,1500,Full,Black
80367,ATX,plus,700,FALSE,Black
80368,ATX,gold,1200,Full,Black
80369,ATX,gold,650,Full,Black / Green
80370,ATX,plus,550,FALSE,
80371,ATX,bronze,550,FALSE,Black
80372,ATX,platinum,1000,Full,Black / Silver
80373,ATX,gold,600,FALSE,Black
80374,ATX,bronze,600,FALSE,
80375,ATX,plus,600,FALSE,Black
80376,ATX,bronze,750,Semi,
80377,ATX,gold,750,Full,Black
80378,ATX,titanium,1500,Full,
80379,ATX,bronze,400,Semi,Black
80380,ATX,gold,1200,Full,Black
80381,ATX,gold,1000,Full,White
80382,ATX,bronze,650,Full,Black
80383,ATX,gold,650,Full,White
80384,ATX,bronze,750,Semi,Black
80385,ATX,gold,750,Full,White / Black
80386,ATX,gold,750,Full,
80387,ATX,gold,650,Full,Black
80388,ATX,bronze,750,FALSE,Black
80389,ATX,gold,600,FALSE,Black
80390,ATX,gold,1000,Full,Black
80391,ATX,gold,850,Full,Black
80392,ATX,,480,FALSE,
80393,ATX,gold,1050,Full,Black
80394,TFX,bronze,300,FALSE,Black
80395,ATX,gold,650,Semi,Black
80396,ATX,bronze,500,Semi,
80397,ATX,gold,1000,Full,Black
80398,ATX,gold,750,Full,Black / Gold
80399,SFX,platinum,450,Full,Black
80400,ATX,gold,750,Full,Black / White
80401,SFX,,350,FALSE,
80402,ATX,titanium,1600,Full,Black / Silver
80403,Flex ATX,gold,350,FALSE,Black
80404,ATX,gold,550,Semi,
80405,ATX,gold,550,Full,Black
80406,ATX,titanium,1000,Full,Black
80407,ATX,titanium,850,Full,Black
80408,ATX,gold,1000,Full,Black
80409,ATX,gold,1200,Full,Black
80410,SFX,,850,Full,Black
80411,ATX,gold,1600,Full,Black
80412,ATX,gold,650,Full,Black
80413,ATX,gold,650,Full,
80414,ATX,platinum,750,Full,
80415,ATX,gold,600,FALSE,Black
80416,ATX,gold,850,Full,
80417,ATX,gold,1000,Semi,
80418,ATX,gold,850,FALSE,Black / Blue
80419,ATX,bronze,750,FALSE,Black
80420,SFX,gold,1000,Full,Black
80421,ATX,gold,1000,Full,Black
80422,ATX,titanium,850,Full,Black
80423,ATX,gold,850,FALSE,Black
80424,SFX,gold,650,Full,
80425,ATX,gold,550,Full,
80426,ATX,gold,1200,Full,Black
80427,ATX,bronze,450,FALSE,Black
80428,ATX,gold,750,FALSE,Black
80429,ATX,gold,800,FALSE,Black
80430,ATX,bronze,400,FALSE,Black
80431,SFX,bronze,450,FALSE,Black
80432,ATX,plus,550,FALSE,Black
80433,ATX,bronze,650,FALSE,
80434,ATX,bronze,750,FALSE,Black
80435,ATX,bronze,600,FALSE,Black
80436,ATX,titanium,1650,Full,Black
80437,ATX,gold,850,Full,
80438,ATX,bronze,600,Semi,Black
80439,ATX,bronze,750,Semi,Black / White
80440,ATX,gold,650,Semi,Black / Blue
80441,ATX,bronze,650,Semi,Black
80442,ATX,gold,600,Semi,Black
80443,ATX,platinum,1600,Full,Black / Silver
80444,ATX,bronze,750,FALSE,Black
80445,ATX,gold,750,Full,Black
80446,ATX,bronze,750,Semi,Black / Yellow
80447,ATX,titanium,700,Full,Black
80448,ATX,bronze,450,FALSE,
80449,ATX,gold,600,FALSE,Black
80450,ATX,gold,1000,Full,White
80451,ATX,platinum,1200,Full,White
80452,ATX,plus,700,FALSE,Black
80453,ATX,plus,430,FALSE,Black / White
80454,ATX,bronze,650,Semi,Black
80455,ATX,titanium,1200,Full,Black
80456,SFX,gold,850,Full,Black
80457,ATX,,530,Semi,
80458,SFX,platinum,1300,Full,Black
80459,ATX,gold,750,Full,Black
80460,ATX,bronze,550,FALSE,Black
80461,ATX,gold,1300,Full,Black
80462,ATX,gold,750,Full / Side,White
80463,ATX,gold,1300,Full,Black
80464,ATX,bronze,700,FALSE,Black / Red
80465,ATX,gold,650,Full,White
80466,ATX,bronze,600,Semi,
80467,ATX,gold,750,Semi,Black
80468,ATX,gold,750,Full,Black / Green
80469,ATX,gold,850,Full,Black / Silver
80470,ATX,plus,450,FALSE,Black
80471,ATX,gold,550,Semi,Black
80472,ATX,gold,550,Full,
80473,ATX,gold,850,Full,Black
80474,ATX,platinum,750,Full,Black
80475,ATX,gold,550,FALSE,Black / Blue
80476,ATX,plus,650,FALSE,
80477,ATX,bronze,500,FALSE,Black
80478,ATX,platinum,1300,Full,Black
80479,ATX,gold,750,Full,Black
80480,ATX,bronze,750,FALSE,
80481,ATX,titanium,750,Full,Black
80482,ATX,bronze,750,Full,Black
80483,ATX,gold,1000,Full,White
80484,ATX,plus,600,FALSE,Black
80485,ATX,gold,550,Semi,Black
80486,ATX,platinum,1000,Full,
80487,ATX,bronze,700,Semi,Black
80488,ATX,gold,850,Full,Black
80489,ATX,platinum,1200,Full,Black
80490,ATX,gold,550,Full,Black
80491,ATX,gold,650,Full,Black
80492,ATX,gold,850,Full,Black
80493,ATX,bronze,500,FALSE,Black
80494,ATX,bronze,650,Full,
80495,ATX,titanium,850,Full,Black / Silver
80496,ATX,gold,550,Semi,Black / Blue
80497,ATX,gold,850,Full,Black
80498,ATX,gold,550,Full,
80499,ATX,gold,650,Full,Black
80500,ATX,bronze,700,FALSE,Black
80501,ATX,platinum,1200,Full,
80502,ATX,gold,700,FALSE,Black
80503,ATX,bronze,750,Semi,
80504,ATX,bronze,750,Full,Black
80505,ATX,gold,850,Full,Black
80506,SFX,gold,650,Full,Black
80507,ATX,gold,650,Full,Black
80508,ATX,gold,650,Full,Black
80509,ATX,gold,650,Full,Black
80510,ATX,titanium,1550,Full,Black
80511,ATX,gold,550,Full,Black / Silver
80512,ATX,gold,700,Full,Black
80513,ATX,bronze,650,FALSE,Black
80514,ATX,gold,750,Full,Black
80515,ATX,gold,650,Semi,
80516,ATX,titanium,1000,Full,Black / Silver
80517,ATX,gold,550,Full,Black
80518,ATX,gold,750,Full,Black
80519,ATX,gold,1250,Full,Black
80520,Flex ATX,gold,400,FALSE,
80521,ATX,,650,FALSE,
80522,ATX,gold,1000,FALSE,Black
80523,ATX,gold,750,Full,White
80524,ATX,gold,850,Semi,Black / Blue
80525,ATX,plus,650,FALSE,Black
80526,ATX,gold,850,Full,Black
80527,SFX,bronze,300,FALSE,
80528,ATX,bronze,430,FALSE,
80529,ATX,gold,850,Full,Black
80530,ATX,,600,FALSE,
80531,ATX,bronze,650,Semi,
80532,ATX,titanium,1300,Full,Black / Silver
80533,ATX,,600,FALSE,Black / Red
80534,ATX,bronze,550,Full,Black
80535,ATX,platinum,850,Full,
80536,ATX,gold,850,Full,Black
80537,ATX,gold,650,Full,Black / Red
80538,ATX,bronze,500,Semi,
80539,ATX,titanium,1000,Full,
80540,ATX,platinum,1600,Full,Black
80541,ATX,bronze,550,FALSE,Black
80542,ATX,bronze,500,FALSE,Black
80543,ATX,gold,1000,Full,Black
80544,ATX,bronze,500,FALSE,Black
80545,ATX,gold,1000,Full,Black
80546,ATX,bronze,850,FALSE,
80547,ATX,platinum,1300,Full,Black
80548,ATX,gold,1050,Full,Black
80549,ATX,gold,1000,Full,Black
80550,SFX,gold,650,Full,Black
80551,ATX,gold,650,Full,Black
80552,ATX,platinum,850,Full,
80553,ATX,bronze,700,FALSE,Black
80554,ATX,gold,750,Full,Black
80555,ATX,platinum,1200,Full,
80556,ATX,platinum,760,Full,Black
80557,SFX,bronze,300,FALSE,Silver
80558,ATX,gold,1000,Full,White
80559,ATX,bronze,700,FALSE,
80560,ATX,plus,450,FALSE,
80561,SFX,platinum,700,Full,
80562,ATX,platinum,850,Full,Black / Silver
80563,SFX,platinum,700,Full,Black
80564,ATX,gold,850,Full,White / Black
80565,ATX,gold,650,FALSE,Black
80566,ATX,bronze,550,Semi,
80567,ATX,bronze,620,Full,
80568,ATX,,720,FALSE,Black / Orange
80569,ATX,plus,750,FALSE,Black
80570,ATX,bronze,750,FALSE,Black
80571,SFX,gold,700,Full,Black
80572,ATX,gold,750,Semi,
80573,SFX,platinum,1000,Full,Black / White
80574,ATX,gold,600,FALSE,Black
80575,SFX,gold,500,Full,Black
80576,ATX,,730,Semi,
80577,SFX,gold,750,Full,White
80578,ATX,gold,550,FALSE,Black / Yellow
80579,ATX,platinum,1000,Full,Blue / Black
80580,ATX,gold,1300,Full,Black
80581,ATX,gold,1000,Full,Black / Blue
80582,ATX,gold,750,Full,
80583,ATX,gold,550,Full,
80584,ATX,gold,750,Full,Black / Silver
80585,ATX,gold,650,Full,Black
80586,ATX,gold,850,Full,Black
80587,ATX,bronze,500,Semi,Black
80588,ATX,gold,600,Semi,Black
80589,ATX,,500,FALSE,Black
80590,Flex ATX,gold,300,FALSE,
80591,ATX,bronze,700,Semi,Black
80592,ATX,gold,850,Full,
80593,ATX,silver,750,Semi,
80594,ATX,platinum,850,Full,Black / Silver
80595,ATX,gold,1650,Full,Black
80596,ATX,gold,750,Full,White
80597,SFX,gold,750,Full,Black
80598,ATX,gold,750,Full,Black
80599,ATX,gold,850,Full,Black
80600,ATX,platinum,660,Full,Black
80601,ATX,gold,550,Full,White
80602,ATX,bronze,450,FALSE,
80603,ATX,gold,850,Full,Black
80604,ATX,gold,850,Full,Black
80605,ATX,,500,FALSE,Black / Red
80606,ATX,bronze,500,FALSE,
80607,ATX,bronze,750,Full,White / Black
80608,ATX,platinum,850,Full,Black
80609,ATX,bronze,450,FALSE,Black
80610,ATX,bronze,600,FALSE,Black
80611,ATX,bronze,650,FALSE,Black
80612,ATX,plus,600,FALSE,Black
80613,TFX,gold,500,FALSE,Black
80614,ATX,gold,600,Full,Black
80615,ATX,plus,650,FALSE,Black
80616,ATX,platinum,850,Full,Black
80617,ATX,gold,750,Full,White
80618,SFX,platinum,750,Full,Black
80619,ATX,gold,650,Full,
80620,ATX,gold,1000,Full,Black
80621,ATX,gold,750,FALSE,Black
80622,ATX,gold,650,Semi,Black
80623,ATX,plus,350,FALSE,Black
80624,TFX,,200,FALSE,
80625,ATX,gold,750,Full,Black
80626,ATX,platinum,860,Full,Black
80627,ATX,bronze,550,FALSE,Black
80628,ATX,platinum,1300,Full,Black
80629,ATX,titanium,600,Full,Black
80630,ATX,gold,750,Full,Black
80631,ATX,bronze,550,Full,Black
80632,ATX,platinum,1000,Full,Black
80633,ATX,gold,550,Semi,Black
80634,ATX,gold,1000,Full,
80635,ATX,platinum,1200,Full,Black
80636,ATX,gold,850,Full,Black
80637,ATX,platinum,760,Full,
80638,ATX,gold,550,Full,
80639,ATX,bronze,800,FALSE,Black
80640,ATX,gold,650,Full,Black
80641,ATX,gold,1050,Full,Black
80642,ATX,titanium,1300,Full,Black / Blue
80643,ATX,bronze,650,Full,White / Black
80644,ATX,gold,850,Full,White
80645,ATX,platinum,1050,Full,Black
80646,ATX,bronze,650,FALSE,Black
80647,ATX,platinum,1000,Full,Black
80648,ATX,gold,1300,Full,
80649,ATX,gold,650,Full,White
80650,ATX,plus,400,FALSE,Black
80651,SFX,gold,450,Full,
80652,ATX,platinum,1000,Full,Black / Blue
80653,ATX,gold,750,Full,Black
80654,ATX,gold,1350,Full,Black / Gold
80655,ATX,gold,850,Full,Black / Red
80656,ATX,bronze,650,FALSE,Black / Yellow
80657,SFX,gold,500,Full,Black
80658,ATX,,550,FALSE,
80659,ATX,gold,750,Full,Black
80660,ATX,gold,650,Full,Black
80661,ATX,platinum,750,Full,
80662,ATX,gold,850,Full,Black
80663,SFX,gold,550,Full,Black
80664,ATX,gold,750,Full,Black
80665,ATX,bronze,650,Semi,Black
80666,ATX,platinum,1200,Full,Black
80667,ATX,gold,1300,Full,Black
80668,ATX,gold,850,Full,Black
80669,ATX,gold,850,Full,White
80670,ATX,gold,1000,Full,Black
80671,ATX,bronze,550,FALSE,Black
80672,ATX,gold,850,Full,
80673,ATX,platinum,850,Full,Black / Silver
80674,SFX,gold,750,Full,Black
80675,ATX,platinum,650,Full,
80676,ATX,gold,750,Full,White
80677,ATX,bronze,750,Semi,Black / Red
80678,ATX,bronze,600,FALSE,
80679,ATX,plus,700,FALSE,Black
80680,ATX,platinum,750,Full,
80681,ATX,gold,1200,Full,Black
80682,ATX,gold,750,Full,
80683,ATX,gold,1000,Full,
80684,ATX,platinum,1000,Full,Black / Silver
80685,ATX,platinum,750,Full,Black
80686,ATX,gold,850,Full,Black
80687,ATX,plus,700,FALSE,
80688,ATX,gold,650,Full,Black
80689,ATX,bronze,650,FALSE,Black
80690,ATX,gold,1000,Full,
80691,ATX,platinum,1050,Full,Black
80692,ATX,gold,650,Full,Black
80693,ATX,bronze,550,Semi,Black
80694,ATX,gold,850,Full,Black
80695,ATX,gold,650,Full,
80696,ATX,gold,650,Semi,
80697,ATX,platinum,1200,Full,Black / Silver
80698,ATX,plus,750,FALSE,Black / White
80699,ATX,bronze,850,Semi,
80700,ATX,platinum,650,Full,
80701,ATX,gold,850,Semi,
80702,Flex ATX,platinum,600,FALSE,Silver
80703,ATX,platinum,1000,Full,Black / Silver
80704,ATX,bronze,750,Semi,Black
80705,SFX,gold,850,Full,Black / Gold
80706,ATX,gold,750,Full,Black
80707,ATX,platinum,1000,Full,White
80708,ATX,bronze,750,Semi,Black
80709,ATX,bronze,600,FALSE,Black
80710,ATX,,550,FALSE,
80711,ATX,gold,650,Full,
80712,ATX,bronze,750,Full,Black
80713,ATX,gold,850,Full,Black
80714,ATX,bronze,800,Semi,Black
80715,ATX,gold,750,Full,White / Black
80716,ATX,plus,650,FALSE,
80717,ATX,gold,750,Full,Black
80718,ATX,gold,750,Full,Black
80719,ATX,gold,700,FALSE,Black
80720,ATX,bronze,450,FALSE,
80721,ATX,bronze,500,FALSE,
80722,ATX,gold,750,Full,Black
80723,ATX,gold,750,Full,Black / Blue
80724,ATX,gold,1300,Full,Black
80725,ATX,platinum,500,Full,Black
80726,ATX,plus,500,FALSE,Black
80727,ATX,platinum,750,Full,Black
80728,ATX,titanium,1500,Full,Black
80729,ATX,platinum,860,Full,
80730,ATX,platinum,1600,Full,
80731,ATX,gold,1050,Full,Black
80732,ATX,,650,FALSE,
80733,ATX,gold,750,Full,
80734,ATX,gold,850,Full,Black / Gold
80735,ATX,gold,750,Full,Black / Red
80736,ATX,plus,500,FALSE,Black
80737,ATX,bronze,550,FALSE,
80738,ATX,bronze,650,Semi,
80739,ATX,titanium,1000,Full,Black / Silver
80740,ATX,gold,650,Full,
80741,ATX,gold,750,Full,Black
80742,ATX,gold,500,FALSE,Black
80743,ATX,platinum,560,Full,Black
80744,ATX,,400,FALSE,
80745,ATX,gold,850,Full,Black
80746,ATX,plus,600,FALSE,Black
80747,ATX,gold,850,Full,Black / Silver
80748,ATX,gold,850,Full,Black
80749,ATX,gold,1000,Full,Black
80750,SFX,bronze,300,FALSE,Black
80751,ATX,,700,FALSE,
80752,ATX,bronze,600,FALSE,Black
80753,ATX,platinum,850,Full,Black
80754,ATX,,650,FALSE,Black / Red
80755,ATX,plus,750,FALSE,
80756,ATX,bronze,500,FALSE,Black
80757,TFX,gold,700,FALSE,Black
80758,ATX,gold,500,Semi,Black
80759,ATX,gold,650,Full,
80760,ATX,gold,1000,Full,White
80761,ATX,gold,700,FALSE,Black
80762,ATX,gold,550,Full,Black / Red
80763,ATX,titanium,1000,Full,Black
80764,ATX,bronze,550,FALSE,Black
80765,ATX,gold,750,Full,Black
80766,ATX,gold,550,Full,Black
80767,ATX,bronze,520,Full,Black
80768,ATX,plus,600,FALSE,Black
80769,ATX,bronze,700,FALSE,Black
80770,ATX,bronze,500,FALSE,Black / Silver
80771,ATX,gold,550,Full,
80772,ATX,gold,750,Full,Black
80773,ATX,bronze,550,FALSE,Black
80774,ATX,gold,850,Full,Black
80775,ATX,,400,FALSE,Black / Red
80776,ATX,gold,650,Full,
80777,ATX,gold,850,Full,Black
80778,ATX,gold,850,Full,Black
80779,ATX,bronze,600,Semi,Black
80780,ATX,platinum,650,Full,Black
80781,ATX,platinum,860,Full,
80782,SFX,,250,FALSE,
80783,ATX,gold,650,Full,Black
80784,ATX,gold,750,Full,Black
80785,SFX,gold,750,Full,White
80786,TFX,,275,FALSE,
80787,ATX,gold,650,Full,
80788,ATX,plus,750,FALSE,Black
80789,ATX,platinum,1000,Full,Black
80790,ATX,platinum,1200,Full,Black
80791,ATX,bronze,650,Full,Black
80792,ATX,bronze,550,FALSE,Black / White
80793,ATX,platinum,1250,Full,White
80794,ATX,titanium,850,Full,
80795,SFX,gold,450,Full,Black
80796,ATX,gold,750,Full,Black
80797,ATX,gold,1000,Full,
80798,ATX,,430,FALSE,
80799,ATX,gold,650,Full,Black / Blue
80800,ATX,plus,700,FALSE,Black / Yellow
80801,ATX,platinum,750,Full,Black
80802,ATX,bronze,550,FALSE,Black / Yellow
80803,ATX,bronze,550,FALSE,Black
80804,ATX,gold,1000,Full,Black
80805,ATX,platinum,1300,Full,Black / Silver
80806,ATX,platinum,850,Full,Black
80807,ATX,gold,450,Semi,
80808,ATX,bronze,350,FALSE,
80809,ATX,gold,750,Full,Black / Silver
80810,ATX,platinum,560,Full,Black
80811,ATX,gold,750,Semi,Black
80812,ATX,bronze,750,FALSE,Black
80813,ATX,,450,FALSE,
80814,ATX,platinum,650,Full,
80815,ATX,gold,850,Full,White
80816,ATX,plus,430,FALSE,
80817,ATX,platinum,400,Full,
80818,ATX,gold,850,Full,Black
80819,ATX,platinum,1000,Full,Black / Silver
80820,ATX,silver,600,FALSE,Black
80821,ATX,bronze,850,Full,
80822,SFX,gold,500,Full,Black
80823,ATX,gold,700,FALSE,Black
80824,ATX,gold,1000,Full,Black
80825,ATX,bronze,550,Full,White / Black
80826,ATX,gold,1000,Full,Black
80827,ATX,gold,850,Full,Black
80828,ATX,gold,750,Semi,
80829,ATX,platinum,760,Full,
80830,ATX,platinum,1000,Full,Black
80831,Mini ITX,bronze,300,FALSE,
80832,ATX,platinum,1200,Full,Black
80833,SFX,gold,850,Full,White
80834,ATX,gold,750,Full,Black / Purple
80835,ATX,titanium,1000,Full,
80836,ATX,plus,600,FALSE,
80837,ATX,gold,850,Full,Black
80838,ATX,plus,500,FALSE,Black
80839,ATX,bronze,520,FALSE,
80840,ATX,,300,FALSE,
80841,ATX,bronze,500,FALSE,Black
80842,ATX,titanium,750,Full,White
80843,ATX,gold,1000,Full,Black
80844,ATX,gold,750,Semi,
80845,ATX,gold,1650,Full,Black / White
80846,ATX,gold,850,FALSE,Black
80847,SFX,platinum,750,Full,
80848,ATX,gold,850,Full,
80849,ATX,gold,850,Full,Black
80850,ATX,bronze,620,FALSE,
80851,ATX,gold,650,FALSE,Black
80852,ATX,gold,650,Full,
80853,ATX,gold,650,Full,
80854,ATX,plus,700,FALSE,Black
80855,ATX,gold,850,Full,Black / Blue
80856,ATX,platinum,850,Full,Black
80857,ATX,plus,500,FALSE,
80858,ATX,platinum,1600,Full,Black
80859,ATX,bronze,650,FALSE,Black
80860,ATX,platinum,1000,Full,Black
80861,ATX,gold,750,Full,Black
80862,ATX,,450,FALSE,
80863,ATX,gold,1200,Full,Black
80864,SFX,gold,600,Full,Black
80865,ATX,,630,Semi,
80866,ATX,,530,Semi,Black
80867,SFX,gold,650,Full,Black
80868,ATX,gold,850,Full,
80869,ATX,gold,750,FALSE,
80870,ATX,bronze,700,Semi,Black
80871,ATX,gold,1000,Full,White
80872,ATX,gold,750,Full,Black / Silver
80873,ATX,gold,750,Full,White
80874,ATX,platinum,1200,Full,Black
80875,ATX,bronze,550,FALSE,Black
80876,ATX,gold,1000,Full,
80877,ATX,bronze,850,FALSE,Black
80878,ATX,platinum,750,Full,Black / Silver
80879,ATX,,550,FALSE,
80880,ATX,plus,700,FALSE,Black
80881,ATX,gold,850,Full,Black
80882,ATX,platinum,1200,Full,Black
80883,ATX,silver,650,Semi,Black
80884,ATX,bronze,450,Full,
80885,ATX,bronze,430,Semi,
80886,ATX,titanium,750,Full,Black
80887,ATX,gold,650,Full,Black
80888,ATX,bronze,750,Full,
80889,ATX,bronze,700,FALSE,Black / White
80890,ATX,gold,850,Full,Black
80891,ATX,bronze,750,Semi,Black
80892,ATX,gold,550,Semi,Black
80893,ATX,gold,750,Full,Black
80894,ATX,titanium,850,Full,
80895,ATX,bronze,600,FALSE,Black
80896,ATX,gold,650,Full,
80897,ATX,gold,1000,Full,Black / Gold
80898,ATX,platinum,660,Full,Black
80899,ATX,gold,750,Full,Black
80900,ATX,gold,750,Full,Black
80901,SFX,gold,550,Full,Black
80902,ATX,gold,650,Full,Black
80903,ATX,gold,500,FALSE,Black
80904,ATX,plus,850,FALSE,
80905,ATX,titanium,650,Full,
80906,ATX,bronze,700,FALSE,Black
80907,ATX,gold,550,Semi,
80908,ATX,bronze,500,Semi,Black
80909,ATX,gold,750,Full,Black
80910,ATX,gold,850,Full,White
80911,ATX,gold,1000,Full,Black / Gray
80912,ATX,gold,850,Full,White
80913,ATX,gold,1200,Full,White
80914,ATX,gold,550,Full,
80915,ATX,platinum,550,Full,Black
80916,ATX,bronze,650,FALSE,
80917,ATX,platinum,850,Full,Black
80918,ATX,gold,550,Full,
80919,ATX,plus,550,FALSE,
80920,ATX,gold,1000,Full,
80921,ATX,bronze,600,FALSE,Black
80922,ATX,plus,600,FALSE,
80923,ATX,bronze,450,FALSE,Black
80924,ATX,bronze,600,Semi,
80925,ATX,gold,850,Semi,
80926,ATX,bronze,800,FALSE,
80927,ATX,bronze,700,FALSE,Black
80928,ATX,bronze,600,FALSE,Black
80929,ATX,gold,1200,Full,Black
80930,ATX,gold,850,Full,White
80931,ATX,bronze,650,FALSE,Black
80932,ATX,gold,750,Full,Black
80933,ATX,gold,550,Semi,
80934,ATX,platinum,650,Full,Black
80935,ATX,gold,750,Semi,
80936,SFX,platinum,750,Full,Black
80937,ATX,bronze,300,FALSE,
80938,ATX,bronze,750,Semi,
80939,ATX,bronze,550,FALSE,Black
80940,ATX,platinum,850,Full,Black / Silver
80941,ATX,gold,1050,Semi,
80942,ATX,platinum,650,Full,Black
80943,ATX,platinum,850,Full,Black
80944,ATX,gold,1050,Semi,
80945,ATX,gold,1000,Full,Black
80946,ATX,gold,700,Semi,Black
80947,ATX,,850,FALSE,
80948,ATX,bronze,500,FALSE,Black / Gold
80949,ATX,bronze,650,FALSE,Black
80950,ATX,titanium,1100,Full,Black / Blue
80951,ATX,gold,750,Semi,Black
80952,ATX,gold,850,Full,Black
80953,ATX,gold,1050,Full,Black
80954,ATX,platinum,1200,Full,Black
80955,ATX,bronze,750,FALSE,
80956,ATX,bronze,950,FALSE,
80957,ATX,bronze,550,FALSE,Black
80958,ATX,bronze,550,Full,
80959,ATX,gold,750,Full,Black
80960,ATX,gold,850,Full,
80961,ATX,bronze,750,FALSE,Black
80962,ATX,platinum,650,Full,
80963,ATX,gold,650,Full,Black
80964,ATX,gold,650,Full,Black
80965,ATX,gold,650,FALSE,Black
80966,ATX,bronze,750,Semi,Black
80967,ATX,gold,850,Full,
80968,ATX,bronze,750,Semi,
80969,ATX,bronze,750,Semi,
80970,ATX,platinum,850,Full,Black
80971,ATX,bronze,450,FALSE,
80972,ATX,gold,450,Full,
80973,ATX,,750,FALSE,
80974,ATX,gold,1000,Full,White
80975,ATX,gold,750,Full,Black
80976,ATX,bronze,500,FALSE,Black / Red
80977,ATX,plus,800,FALSE,
80978,ATX,gold,1000,Full,Black
80979,ATX,gold,1250,Full,Black
80980,ATX,platinum,900,Full,
80981,ATX,gold,1050,Full,Black
80982,ATX,,550,FALSE,
80983,ATX,platinum,1050,Full,White
80984,ATX,platinum,650,Full,Black / Silver
80985,ATX,gold,600,Semi,Black
80986,ATX,gold,650,Semi,
80987,ATX,gold,650,Full,Black
80988,ATX,bronze,450,Semi,Black
80989,ATX,gold,850,FALSE,Black / Yellow
80990,ATX,platinum,1200,Full,Black
80991,ATX,gold,750,Semi,
80992,Mini ITX,bronze,400,FALSE,
80993,ATX,bronze,550,FALSE,Black
80994,ATX,plus,600,FALSE,Black / Yellow
80995,ATX,gold,650,Semi,
80996,SFX,gold,750,Full,Black / Gold
80997,ATX,gold,650,Full,Black
80998,ATX,bronze,600,FALSE,
80999,ATX,gold,750,Full,Black
81000,ATX,bronze,750,Semi,
81001,ATX,platinum,850,Full,Black
81002,ATX,bronze,550,Semi,Black
81003,ATX,bronze,600,FALSE,Black / Red
81004,ATX,gold,1200,Full,Black
81005,ATX,bronze,850,Semi,
81006,ATX,bronze,550,FALSE,Black
81007,ATX,gold,750,Full,Black
81008,ATX,,600,FALSE,
81009,ATX,platinum,1200,Full,Black
81010,ATX,bronze,460,FALSE,Black
81011,ATX,,700,FALSE,
81012,ATX,bronze,400,FALSE,Black
81013,ATX,,700,FALSE,
81014,ATX,gold,750,Full,
81015,ATX,platinum,860,Full,Black
81016,ATX,platinum,1000,Full,Black
81017,ATX,gold,850,Full,Black / Green
81018,ATX,bronze,1000,FALSE,
81019,ATX,gold,650,Full,
81020,ATX,bronze,650,FALSE,Black
81021,ATX,bronze,650,Semi,
81022,ATX,plus,500,FALSE,Black
81023,ATX,plus,700,FALSE,
81024,ATX,gold,850,Full,White
81025,ATX,gold,850,Full,Black
81026,ATX,bronze,500,Semi,Black
81027,ATX,platinum,1300,Full,Black
81028,ATX,plus,400,FALSE,Black
81029,ATX,gold,750,Full,
81030,ATX,gold,750,FALSE,Black
81031,ATX,bronze,650,Semi,Black
81032,ATX,plus,500,FALSE,Black
81033,ATX,gold,850,Full,Black
81034,ATX,,600,FALSE,Black
81035,ATX,plus,500,FALSE,
81036,ATX,plus,500,FALSE,
81037,ATX,plus,450,FALSE,Black
81038,ATX,gold,1000,Full,Black
81039,ATX,platinum,1000,Full,Black / Silver
81040,ATX,gold,1250,Full,White
81041,ATX,,500,FALSE,
81042,ATX,gold,650,Full,Black
81043,ATX,bronze,520,Full,
81044,ATX,gold,650,Full,White
81045,ATX,bronze,700,FALSE,Black
81046,ATX,plus,600,FALSE,
81047,ATX,bronze,450,FALSE,Black
81048,ATX,bronze,650,Semi,
81049,ATX,bronze,750,Semi,Orange / Black
81050,ATX,bronze,700,FALSE,
81051,ATX,platinum,450,Full,Black
81052,ATX,bronze,650,Semi,
81053,ATX,plus,500,FALSE,
81054,ATX,gold,550,Full,Black
81055,ATX,gold,850,Full,White
81056,ATX,gold,750,Full,Black
81057,SFX,,300,FALSE,
81058,ATX,gold,650,Full,
81059,ATX,bronze,650,FALSE,Black
81060,ATX,gold,550,Full,Black
81061,ATX,gold,450,Full,
81062,ATX,gold,750,Full,Black
81063,ATX,,500,FALSE,
81064,ATX,gold,1800,Full,Black
81065,ATX,gold,650,Full,
81066,ATX,,700,FALSE,
81067,ATX,plus,600,FALSE,
81068,ATX,gold,850,Full,Black
81069,ATX,bronze,600,Full,Black
81070,ATX,platinum,1300,Full,Black
81071,ATX,platinum,1300,Full,Black / Silver
81072,ATX,gold,750,FALSE,Black / Yellow
81073,ATX,platinum,650,Full,Black / Silver
81074,ATX,platinum,850,Semi,
81075,ATX,gold,850,Full,White
81076,ATX,gold,600,FALSE,Black
81077,ATX,gold,850,Full,Black
81078,ATX,bronze,450,FALSE,Black / Yellow
81079,ATX,bronze,550,Full,
81080,ATX,bronze,450,Semi,Black
81081,ATX,platinum,750,Full,Black / Silver
81082,ATX,gold,850,Full,Black
81083,ATX,gold,750,Semi,Black
81084,ATX,plus,550,FALSE,Black
81085,ATX,gold,850,Full,
81086,ATX,gold,850,Full,Black
81087,ATX,bronze,650,Semi,Black
81088,ATX,gold,650,FALSE,Black
81089,ATX,gold,750,Semi,Black / Red
81090,ATX,gold,800,Semi,
81091,ATX,bronze,500,FALSE,Black
81092,ATX,plus,700,FALSE,Black
81093,ATX,bronze,750,FALSE,Black
81094,ATX,plus,500,FALSE,Black
81095,ATX,platinum,1000,Full,Black
81096,SFX,gold,650,Full,Black
81097,ATX,platinum,1050,Full,
81098,ATX,bronze,620,Semi,
81099,ATX,gold,650,Full,Black
81100,ATX,plus,500,FALSE,Black / Yellow
81101,ATX,gold,480,Full,
81102,ATX,silver,500,FALSE,
81103,ATX,plus,450,FALSE,Black
81104,TFX,gold,350,Full,
81105,ATX,bronze,650,FALSE,
81106,ATX,gold,500,Full,Black
81107,ATX,gold,850,Full,White
81108,ATX,gold,650,Full,Black
81109,ATX,bronze,700,Full,
81110,ATX,platinum,1300,Full,Black
81111,ATX,bronze,550,Semi,
81112,ATX,bronze,380,FALSE,
81113,ATX,bronze,300,FALSE,Silver
81114,ATX,bronze,600,FALSE,Black
81115,ATX,gold,350,FALSE,
81116,ATX,gold,750,Full,Black
81117,ATX,gold,1000,Full,Black
81118,ATX,bronze,850,Semi,White
81119,ATX,gold,550,Full,Black
81120,ATX,plus,400,FALSE,Black
81121,ATX,gold,650,Full,Black
81122,SFX,bronze,250,FALSE,Black / Green
81123,ATX,gold,550,Semi,
81124,ATX,gold,750,FALSE,Black
81125,ATX,gold,850,FALSE,Black
81126,ATX,titanium,850,Full,Black
81127,ATX,gold,550,Full,Black / White
81128,ATX,platinum,850,Full,White
81129,ATX,plus,700,FALSE,Black
81130,ATX,bronze,600,FALSE,Black
81131,ATX,bronze,500,FALSE,Black
81132,ATX,bronze,850,FALSE,
81133,ATX,gold,500,Semi,Black
81134,ATX,gold,650,Full,Black
81135,SFX,gold,450,Full,
81136,ATX,bronze,600,Semi,Black / Red
81137,ATX,gold,750,Full,Black
81138,ATX,gold,850,Full,Black
81139,ATX,plus,600,FALSE,Black
81140,ATX,bronze,500,FALSE,
81141,ATX,gold,600,FALSE,Black / Gold
81142,ATX,bronze,750,Semi,
81143,ATX,platinum,1200,Full,
81144,ATX,plus,1000,Semi,
81145,ATX,bronze,600,FALSE,
81146,ATX,gold,850,Full,Black
81147,ATX,gold,650,Full,Black
81148,ATX,gold,580,Semi,
81149,ATX,gold,850,Full,Black
81150,ATX,titanium,650,Full,Black
81151,ATX,bronze,500,FALSE,Black
81152,ATX,bronze,500,FALSE,Black
81153,ATX,gold,550,Full,
81154,ATX,gold,750,Full,Black
81155,ATX,bronze,600,FALSE,Black
81156,ATX,platinum,650,Semi,
81157,ATX,gold,850,Full,Black
81158,ATX,bronze,550,FALSE,Black
81159,ATX,bronze,850,Semi,
81160,ATX,gold,750,Semi,Black / Blue
81161,ATX,silver,560,FALSE,Black
81162,TFX,gold,300,FALSE,Black
81163,SFX,gold,850,Semi,Black
81164,ATX,platinum,850,Full,
81165,ATX,gold,450,Semi,
81166,ATX,gold,650,Full,Black
81167,ATX,gold,750,Full,White
81168,ATX,gold,360,FALSE,
81169,ATX,gold,750,Semi,Black / Red
81170,ATX,bronze,500,FALSE,
81171,ATX,plus,500,FALSE,Black
81172,ATX,platinum,1200,Full,Black
81173,ATX,bronze,850,Full,
81174,ATX,gold,750,Full,Black
81175,ATX,gold,550,FALSE,Black / Red
81176,ATX,plus,550,FALSE,
81177,ATX,platinum,850,Full,Black
81178,ATX,gold,1000,Full,
81179,ATX,gold,400,Semi,Black
81180,ATX,gold,700,Full,
81181,ATX,bronze,500,FALSE,Black
81182,ATX,gold,750,Full,
81183,ATX,bronze,550,Semi,
81184,ATX,bronze,550,Semi,
81185,SFX,gold,750,Full,Black / Gray
81186,ATX,gold,850,Semi,Black / Red
81187,ATX,bronze,650,Semi,Black
81188,ATX,platinum,750,Full,Black
81189,ATX,plus,400,FALSE,Black
81190,ATX,gold,650,Full,Black / Purple
81191,ATX,silver,1500,FALSE,
81192,ATX,plus,400,FALSE,
81193,ATX,gold,650,Semi,Black
81194,ATX,bronze,650,Full,
81195,ATX,platinum,600,Semi,
81196,ATX,bronze,550,FALSE,
81197,ATX,gold,750,Full,
81198,ATX,gold,650,Semi,Black
81199,ATX,plus,650,FALSE,
81200,ATX,plus,600,FALSE,Black
81201,ATX,gold,650,Semi,Black
81202,ATX,bronze,650,FALSE,Black
81203,SFX,,1200,Full,
81204,ATX,gold,850,Full,Black
81205,ATX,platinum,750,Full,Black
81206,ATX,silver,600,FALSE,
81207,ATX,,500,FALSE,
81208,ATX,gold,550,Full,Black
81209,ATX,bronze,610,FALSE,Black
81210,ATX,bronze,550,FALSE,
81211,ATX,bronze,600,Semi,
81212,ATX,bronze,350,FALSE,
81213,ATX,platinum,520,Full,
81214,ATX,gold,1000,Full,Black
81215,TFX,bronze,300,FALSE,
81216,ATX,platinum,1000,Full,Black
81217,ATX,titanium,750,Full,
81218,ATX,gold,1200,Full,Black
81219,ATX,gold,550,Full,Black
81220,ATX,bronze,700,FALSE,
81221,ATX,gold,1000,Full,White / Gray
81222,ATX,titanium,1500,Full,Black / Blue
81223,SFX,gold,600,Full,
81224,ATX,gold,800,FALSE,Black
81225,ATX,plus,550,FALSE,Black
81226,SFX,platinum,450,Full,Black / Blue
81227,ATX,platinum,850,Full,Black
81228,ATX,bronze,650,FALSE,Black / Purple
81229,ATX,platinum,1300,Full,Black
81230,ATX,titanium,700,Full,
81231,ATX,gold,750,Full,Black
81232,Mini ITX,plus,220,FALSE,
81233,ATX,platinum,1000,Full,
81234,ATX,gold,2000,Full,Black
81235,ATX,gold,400,Full,
81236,ATX,gold,550,FALSE,Black
81237,ATX,gold,650,Full,Black
81238,ATX,gold,650,FALSE,Black
81239,ATX,gold,650,FALSE,Black
81240,ATX,plus,450,FALSE,Black
81241,ATX,gold,1000,Full,White
81242,ATX,gold,1000,FALSE,Black
81243,ATX,gold,500,FALSE,Black / Yellow
81244,ATX,gold,750,FALSE,
81245,ATX,gold,650,Full,Black
81246,ATX,plus,450,FALSE,Black
81247,ATX,bronze,750,Semi,Black / Gray
81248,ATX,plus,700,FALSE,
81249,ATX,gold,750,Full,Black
81250,ATX,bronze,500,FALSE,
81251,ATX,gold,1100,Full,
81252,ATX,gold,1050,Full,White
81253,ATX,platinum,1000,Full,Black / Silver
81254,ATX,bronze,650,FALSE,Black
81255,ATX,bronze,650,FALSE,Black
81256,ATX,gold,850,Full,Silver / Black
81257,ATX,gold,750,Semi,
81258,ATX,plus,650,FALSE,
81259,ATX,gold,850,Full,Black / Silver
81260,ATX,platinum,1200,Full,White / Gray
81261,ATX,platinum,660,Full,
81262,ATX,plus,700,Semi,
81263,ATX,plus,500,FALSE,
81264,SFX,gold,450,Full,Black
81265,ATX,gold,400,Semi,
81266,ATX,,460,FALSE,
81267,ATX,gold,750,Semi,
81268,ATX,gold,650,Full,
81269,ATX,,650,FALSE,
81270,ATX,gold,1000,Full,White
81271,ATX,platinum,850,Full,Black / Blue
81272,ATX,gold,650,Full,Black
81273,ATX,gold,850,Full,Black
81274,ATX,bronze,550,FALSE,Black
81275,ATX,gold,850,Full,
81276,ATX,platinum,1600,Full,Black / Silver
81277,ATX,gold,650,Full,Black / Gray
81278,ATX,gold,850,Full,Black
81279,ATX,bronze,300,FALSE,
81280,ATX,gold,650,Full,
81281,ATX,bronze,500,FALSE,
81282,ATX,bronze,550,Semi,Black
81283,ATX,gold,450,Semi,
81284,ATX,gold,650,Semi,
81285,ATX,bronze,850,Full,
81286,ATX,bronze,650,FALSE,Black
81287,ATX,gold,750,Full,White / Black
81288,SFX,gold,550,Full,Black
81289,ATX,plus,500,FALSE,
81290,ATX,gold,1000,Full,Black
81291,ATX,silver,400,Semi,
81292,ATX,bronze,550,Semi,
81293,ATX,gold,750,Semi,Black
81294,ATX,titanium,1500,Full,
81295,ATX,gold,850,Full,Black
81296,ATX,plus,700,Semi,Black
81297,ATX,gold,500,FALSE,Black / Gold
81298,ATX,silver,950,FALSE,
81299,ATX,,700,FALSE,
81300,ATX,bronze,500,Full,
81301,ATX,bronze,750,Full,
81302,ATX,bronze,630,Semi,Black / Orange
81303,ATX,gold,800,Semi,
81304,ATX,platinum,760,Full,Black
81305,ATX,plus,500,FALSE,Black
81306,ATX,bronze,750,Semi,Black
81307,Flex ATX,platinum,500,FALSE,
81308,ATX,bronze,450,FALSE,Black / Red
81309,ATX,platinum,650,Full,Black
81310,ATX,platinum,550,Full,Black
81311,ATX,gold,1050,Full,Black
81312,TFX,bronze,300,FALSE,Silver
81313,ATX,gold,650,Full,Black
81314,ATX,gold,750,Full,Black
81315,ATX,platinum,650,Full,White
81316,ATX,gold,1000,Full,Black
81317,SFX,bronze,450,FALSE,
81318,ATX,platinum,1000,Full,Black
81319,ATX,plus,600,FALSE,
81320,ATX,plus,500,FALSE,
81321,ATX,gold,2000,FALSE,Black
81322,Flex ATX,gold,300,Full,Black
81323,Mini ITX,,200,FALSE,
81324,Flex ATX,gold,500,FALSE,
81325,ATX,bronze,550,FALSE,
81326,ATX,bronze,650,FALSE,
81327,ATX,gold,750,Full,Black
81328,ATX,gold,850,Full,Black
81329,ATX,bronze,550,FALSE,Black
81330,ATX,bronze,650,Full,
81331,ATX,bronze,750,Full,
81332,ATX,bronze,600,FALSE,Black
81333,ATX,gold,750,Full,
81334,SFX,bronze,450,FALSE,
81335,ATX,gold,750,Full,White
81336,ATX,gold,750,Full,
81337,ATX,gold,1200,Full,Black
81338,ATX,plus,500,FALSE,Black
81339,ATX,bronze,650,FALSE,
81340,ATX,plus,430,FALSE,
81341,ATX,bronze,750,FALSE,
81342,ATX,bronze,800,FALSE,Black
81343,ATX,bronze,500,Full,Black
81344,ATX,plus,550,FALSE,Black
81345,ATX,bronze,500,FALSE,
81346,ATX,gold,1000,Full,Black
81347,ATX,plus,550,FALSE,Black
81348,ATX,bronze,650,Full,Black
81349,ATX,plus,600,FALSE,
81350,ATX,titanium,800,Full,
81351,ATX,gold,1000,Full,Black
81352,ATX,titanium,750,Full,
81353,ATX,gold,1000,Full,Black
81354,ATX,gold,1000,Semi,Black
81355,ATX,platinum,850,Full,
81356,TFX,bronze,300,FALSE,Black
81357,ATX,,350,FALSE,
81358,ATX,gold,550,FALSE,
81359,ATX,gold,750,FALSE,
81360,ATX,bronze,510,FALSE,Black
81361,ATX,bronze,430,FALSE,
81362,ATX,gold,550,FALSE,Black
81363,ATX,plus,400,FALSE,
81364,ATX,gold,650,Semi,
81365,ATX,plus,600,FALSE,
81366,ATX,gold,700,FALSE,Black / Gold
81367,ATX,plus,650,FALSE,
81368,ATX,titanium,1250,Full,Black
81369,ATX,gold,550,FALSE,Black
81370,ATX,bronze,650,FALSE,Black
81371,ATX,plus,650,FALSE,Black
81372,ATX,plus,630,FALSE,
81373,ATX,bronze,430,FALSE,Black / Red
81374,ATX,plus,650,FALSE,
81375,ATX,plus,600,FALSE,Black
81376,ATX,gold,550,Semi,Black
81377,ATX,gold,850,Full,Black
81378,TFX,,400,FALSE,Black
81379,ATX,platinum,750,Semi,Black
81380,ATX,gold,600,FALSE,
81381,TFX,bronze,300,FALSE,Silver
81382,ATX,gold,850,Full,Black
81383,ATX,gold,650,Full,Black
81384,ATX,gold,750,Full,White
81385,ATX,gold,650,Full,Black
81386,ATX,gold,1050,Full,Black / Purple
81387,ATX,gold,550,Full,
81388,ATX,plus,730,FALSE,
81389,ATX,bronze,1000,Semi,
81390,ATX,plus,600,FALSE,
81391,ATX,bronze,600,FALSE,Black
81392,ATX,plus,500,FALSE,
81393,ATX,gold,750,Full,
81394,ATX,plus,500,FALSE,
81395,ATX,bronze,700,FALSE,
81396,ATX,platinum,1000,Semi,
81397,ATX,plus,300,FALSE,Black
81398,ATX,gold,1000,Full,
81399,ATX,bronze,500,FALSE,
81400,ATX,gold,850,Semi,
81401,ATX,,700,FALSE,Black / Red
81402,ATX,titanium,700,Full,Silver
81403,ATX,platinum,1050,Full,Black
81404,ATX,platinum,1300,Full,Black
81405,ATX,bronze,700,Semi,Black
81406,ATX,gold,1350,Full,Black
81407,ATX,platinum,1050,Full,
81408,ATX,bronze,850,Semi,Black
81409,ATX,gold,850,Full,Black / Gray
81410,ATX,platinum,1200,Full,Black
81411,ATX,gold,650,Full,White
81412,ATX,platinum,1100,Full,Black
81413,ATX,gold,750,Full,Black
81414,ATX,bronze,400,FALSE,
81415,ATX,gold,1200,Semi,
81416,ATX,,725,Semi,
81417,SFX,bronze,600,FALSE,
81418,ATX,bronze,650,Semi,
81419,ATX,gold,750,Full,Black
81420,ATX,gold,850,Full,Black
81421,ATX,plus,530,FALSE,Black
81422,ATX,gold,650,FALSE,Black
81423,ATX,gold,550,Semi,Black
81424,ATX,bronze,710,FALSE,Black
81425,ATX,bronze,750,Full,
81426,ATX,silver,600,Full,
81427,ATX,silver,700,Semi,Black / Orange
81428,ATX,bronze,450,FALSE,Black
81429,SFX,bronze,450,FALSE,Black
81430,ATX,platinum,1250,Full,Black
81431,ATX,platinum,1000,Full,White
81432,SFX,bronze,450,FALSE,Black
81433,ATX,platinum,850,Full,White
81434,Flex ATX,bronze,400,FALSE,
81435,ATX,gold,850,Full,White
81436,ATX,titanium,750,Full,Black
81437,ATX,silver,1050,Semi,
81438,ATX,platinum,750,Full,Black
81439,ATX,platinum,850,Full,Black
81440,SFX,gold,650,Full,Black
81441,ATX,gold,650,Full,
81442,ATX,gold,750,Full,Black
81443,ATX,gold,750,Full,
81444,ATX,gold,850,Full,
81445,ATX,platinum,760,Full,
81446,ATX,plus,600,Semi,
81447,ATX,gold,700,FALSE,
81448,ATX,bronze,520,Semi,
81449,ATX,plus,530,FALSE,
81450,ATX,titanium,1500,Full,
81451,ATX,,475,FALSE,
81452,ATX,titanium,600,Full,
81453,ATX,gold,850,Semi,
81454,ATX,platinum,550,Semi,
81455,ATX,plus,620,Full,
81456,ATX,bronze,450,FALSE,
81457,ATX,gold,550,Semi,Black
81458,ATX,bronze,600,FALSE,Black
81459,ATX,platinum,750,Full,Black / Silver
81460,ATX,gold,750,Full,
81461,ATX,bronze,650,Semi,
81462,ATX,bronze,550,Semi,Black
81463,ATX,platinum,850,Full,Black
81464,ATX,platinum,850,Full,Black
81465,ATX,bronze,750,FALSE,Black
81466,ATX,platinum,750,Full,Black
81467,ATX,gold,1250,Full,Black
81468,ATX,platinum,1050,Full,Black
81469,ATX,gold,750,Full,
81470,SFX,gold,650,Full,Black
81471,ATX,gold,750,Semi,Black
81472,ATX,silver,700,FALSE,
81473,ATX,bronze,650,Semi,
81474,ATX,bronze,700,Full,
81475,ATX,gold,650,Semi,
81476,ATX,bronze,850,Semi,
81477,ATX,bronze,650,Semi,Black
81478,ATX,bronze,550,FALSE,
81479,ATX,gold,650,Full,
81480,ATX,gold,650,FALSE,Black
81481,ATX,,450,FALSE,
81482,ATX,gold,500,FALSE,Black
81483,ATX,gold,680,Semi,
81484,ATX,bronze,550,FALSE,Black
81485,ATX,platinum,550,Full,Black
81486,ATX,bronze,800,Semi,Black
81487,ATX,platinum,750,Semi,
81488,ATX,bronze,1000,Semi,
81489,ATX,bronze,1000,Full,
81490,ATX,bronze,650,Full,
81491,ATX,gold,550,Full,White
81492,ATX,gold,1200,Full,
81493,ATX,bronze,380,FALSE,
81494,ATX,gold,800,Full,Black / Gold
81495,ATX,gold,650,FALSE,Black
81496,ATX,gold,750,Semi,
81497,ATX,plus,550,FALSE,Black / Multicolor
81498,ATX,gold,750,FALSE,
81499,ATX,gold,550,FALSE,
81500,ATX,plus,500,FALSE,Black / Red
81501,ATX,bronze,550,Semi,Black
81502,ATX,bronze,735,Semi,Black
81503,ATX,platinum,1000,Full,
81504,ATX,bronze,750,Semi,
81505,ATX,bronze,750,FALSE,
81506,ATX,plus,550,FALSE,
81507,ATX,plus,700,FALSE,Black
81508,ATX,bronze,530,Semi,
81509,ATX,gold,650,Semi,
81510,ATX,platinum,750,Full,
81511,ATX,gold,650,Full,Black
81512,ATX,platinum,1050,Full,Black
81513,ATX,gold,550,FALSE,Black
81514,SFX,bronze,300,FALSE,Black
81515,ATX,gold,550,Full,Black / Gray
81516,ATX,gold,550,Full,Black
81517,ATX,bronze,1000,Semi,Black
81518,SFX,gold,300,FALSE,
81519,ATX,gold,800,Semi,
81520,ATX,platinum,1050,Full,
81521,ATX,bronze,700,Semi,
81522,ATX,bronze,600,Semi,
81523,ATX,plus,650,FALSE,Black
81524,ATX,gold,1000,Full,
81525,ATX,,700,FALSE,
81526,ATX,bronze,850,Semi,
81527,ATX,bronze,525,FALSE,
81528,ATX,bronze,450,FALSE,
81529,ATX,platinum,460,Full,
81530,ATX,gold,500,FALSE,Black
81531,ATX,gold,1000,Full,White
81532,ATX,plus,620,Semi,
81533,ATX,,500,FALSE,
81534,ATX,bronze,750,FALSE,Black / Multicolor
81535,ATX,gold,650,Full,Black / Multicolor
81536,ATX,platinum,1200,Full,Black / Multicolor
81537,ATX,bronze,850,Semi,
81538,ATX,bronze,750,Semi,Black
81539,ATX,bronze,850,Semi,
81540,ATX,gold,750,FALSE,Black
81541,ATX,gold,900,Full,
81542,ATX,bronze,900,FALSE,
81543,ATX,bronze,600,FALSE,
81544,Flex ATX,,220,FALSE,
81545,ATX,gold,850,Full,
81546,ATX,gold,750,Full,White
81547,ATX,gold,650,Full,
81548,ATX,plus,450,FALSE,Black
81549,ATX,gold,650,FALSE,Black / Red
81550,ATX,gold,650,Full,Black / Silver
81551,ATX,,500,FALSE,
81552,ATX,bronze,750,Semi,Black
81553,ATX,platinum,1050,Full,Black
81554,ATX,gold,850,Full,Black
81555,ATX,gold,1050,Full,Black / Red
81556,ATX,gold,1200,Full,Black
81557,ATX,gold,750,Full,Black
81558,ATX,bronze,300,FALSE,
81559,ATX,gold,650,Full,Black
81560,ATX,gold,1050,Full,Green / Yellow
81561,ATX,gold,650,FALSE,Black
81562,ATX,platinum,600,Full,Black
81563,ATX,bronze,650,FALSE,Black
81564,ATX,silver,500,Semi,
81565,ATX,bronze,500,Semi,
81566,ATX,gold,1475,Semi,
81567,SFX,platinum,650,Full,Black
81568,ATX,platinum,860,Full,
81569,ATX,gold,1250,Full,
81570,ATX,titanium,850,Full,Black
81571,ATX,,350,FALSE,
81572,ATX,,300,FALSE,
81573,ATX,gold,750,FALSE,Black
81574,ATX,bronze,700,FALSE,Black
81575,ATX,bronze,650,FALSE,Black / Multicolor
81576,ATX,platinum,800,Semi,
81577,ATX,gold,700,Semi,Black
81578,ATX,gold,650,FALSE,Black
81579,ATX,bronze,600,Semi,Black
81580,ATX,gold,750,Semi,
81581,ATX,titanium,650,Full,
81582,ATX,bronze,700,Full,
81583,ATX,bronze,700,Semi,
81584,ATX,bronze,750,FALSE,
81585,ATX,plus,600,FALSE,Black
81586,ATX,plus,400,FALSE,Black
81587,ATX,plus,650,FALSE,
81588,ATX,plus,400,FALSE,
81589,ATX,bronze,600,FALSE,
81590,ATX,gold,750,Full,
81591,ATX,silver,650,FALSE,Black
81592,ATX,platinum,750,Semi,
81593,ATX,platinum,1000,Full,Black
81594,ATX,bronze,750,FALSE,
81595,ATX,platinum,1000,Full,Black
81596,ATX,platinum,1000,Full,Black
81597,ATX,gold,850,Full,Black
81598,ATX,bronze,850,FALSE,
81599,ATX,gold,750,Full,Black
81600,ATX,gold,550,Full,Black
81601,ATX,gold,650,FALSE,
81602,ATX,plus,600,FALSE,Black
81603,ATX,,750,FALSE,
81604,ATX,,500,FALSE,
81605,ATX,plus,630,FALSE,
81606,ATX,,500,FALSE,
81607,ATX,plus,400,FALSE,
81608,ATX,,525,FALSE,
81609,ATX,bronze,620,Semi,
81610,Mini ITX,bronze,300,FALSE,
81611,ATX,gold,750,FALSE,Black
81612,ATX,bronze,500,FALSE,Black
81613,ATX,titanium,850,Full,
81614,ATX,bronze,750,FALSE,
81615,ATX,bronze,850,Semi,Black / White
81616,ATX,gold,650,FALSE,
81617,ATX,plus,700,FALSE,
81618,SFX,gold,550,Full,Black
81619,ATX,,550,FALSE,
81620,ATX,gold,650,Full,Black
81621,ATX,bronze,700,Semi,
81622,ATX,gold,850,Full,
81623,ATX,gold,550,Full,
81624,ATX,bronze,750,FALSE,Black
81625,ATX,,600,FALSE,
81626,ATX,gold,600,FALSE,
81627,ATX,gold,750,Semi,
81628,ATX,gold,850,Semi,
81629,ATX,gold,750,Semi,
81630,ATX,platinum,1200,Full,
81631,ATX,platinum,850,Full,
81632,ATX,gold,850,Full,Black
81633,ATX,gold,650,Semi,
81634,ATX,platinum,650,Full,
81635,ATX,platinum,850,Full,Black
81636,ATX,gold,850,Full,Black
81637,ATX,platinum,750,Full,Black
81638,ATX,gold,650,Full,Black
81639,ATX,gold,850,Full,
81640,ATX,gold,750,FALSE,
81641,ATX,bronze,300,FALSE,
81642,ATX,gold,1000,Full,Black
81643,ATX,bronze,700,FALSE,Black
81644,ATX,bronze,750,Semi,
81645,ATX,gold,850,Full,
81646,ATX,bronze,450,FALSE,Black
81647,ATX,bronze,650,Full,
81648,ATX,,700,FALSE,
81649,ATX,gold,1000,Semi,
81650,ATX,plus,530,FALSE,
81651,ATX,gold,500,Semi,Black
81652,ATX,gold,750,Semi,Black
81653,ATX,bronze,750,Semi,
81654,ATX,gold,600,FALSE,Black
81655,ATX,bronze,600,FALSE,
81656,ATX,gold,850,Full,White
81657,ATX,bronze,700,Semi,
81658,ATX,bronze,350,FALSE,Black
81659,ATX,silver,500,Semi,
81660,ATX,bronze,650,FALSE,
81661,ATX,gold,850,Full,
81662,ATX,gold,850,Semi,Black / Red
81663,ATX,gold,750,Full,Black
81664,ATX,gold,750,Full,Black
81665,ATX,gold,850,Full,
81666,ATX,silver,850,Semi,
81667,ATX,gold,650,FALSE,
81668,ATX,gold,650,FALSE,
81669,ATX,,1050,FALSE,
81670,ATX,platinum,550,Full,Black
81671,ATX,bronze,400,FALSE,
81672,ATX,gold,650,Full,Black
81673,ATX,plus,430,FALSE,
81674,ATX,gold,750,Full,
81675,ATX,bronze,500,FALSE,
81676,ATX,gold,750,Full,Black / Gray
81677,ATX,platinum,1000,Full,Black
81678,ATX,bronze,750,Full,
81679,ATX,gold,750,Full,
81680,ATX,titanium,1500,Full,
81681,ATX,plus,400,FALSE,Black
81682,ATX,gold,850,Full,
81683,ATX,bronze,350,FALSE,Black
81684,ATX,plus,550,Semi,
81685,ATX,gold,850,Semi,
81686,ATX,gold,650,Semi,
81687,ATX,plus,800,FALSE,
81688,ATX,bronze,700,FALSE,Black
81689,ATX,plus,400,FALSE,
81690,ATX,gold,600,FALSE,
81691,ATX,platinum,550,Full,
81692,ATX,gold,850,Semi,Black
81693,ATX,bronze,600,FALSE,Black / Silver
81694,ATX,platinum,850,Full,Black
81695,ATX,bronze,850,Full,Black
81696,ATX,gold,650,Semi,
81697,ATX,gold,850,Full,
81698,ATX,gold,450,Full,
81699,ATX,titanium,1250,Full,
81700,ATX,bronze,350,FALSE,Black
81701,ATX,bronze,750,FALSE,Black
81702,ATX,,350,FALSE,
81703,ATX,bronze,700,Full,
81704,ATX,gold,1050,Full,Blue / Black
81705,ATX,,400,FALSE,
81706,ATX,,750,FALSE,
81707,ATX,gold,850,Full,Black / Yellow
81708,ATX,plus,600,FALSE,Black / Red
81709,ATX,bronze,750,Semi,White / Black
81710,ATX,bronze,650,FALSE,Black
81711,ATX,,350,FALSE,
81712,ATX,bronze,500,Semi,
81713,ATX,gold,850,Full,White
81714,ATX,gold,550,Full,Black / Orange
81715,ATX,platinum,600,Semi,
81716,ATX,bronze,650,FALSE,
81717,ATX,bronze,550,FALSE,Black
81718,ATX,gold,550,FALSE,
81719,ATX,gold,1200,Semi,
81720,ATX,platinum,1350,Full,Black
81721,ATX,gold,1050,Full,Black
81722,ATX,plus,850,FALSE,Black
81723,ATX,gold,1200,Full,White
81724,ATX,gold,700,Semi,
81725,ATX,bronze,750,FALSE,
81726,ATX,gold,550,Full,Black
81727,ATX,bronze,500,FALSE,
81728,ATX,silver,400,FALSE,
81729,ATX,platinum,1000,Full,
81730,ATX,,500,FALSE,
81731,ATX,bronze,620,FALSE,
81732,Mini ITX,,250,FALSE,
81733,ATX,,400,FALSE,
81734,ATX,bronze,350,FALSE,
81735,ATX,bronze,450,FALSE,
81736,ATX,platinum,1050,Full,Black
81737,ATX,gold,1000,Full,Black / White
81738,ATX,plus,550,FALSE,
81739,ATX,gold,500,FALSE,Black
81740,ATX,bronze,535,Semi,Black / Blue
81741,ATX,bronze,650,FALSE,
81742,ATX,gold,500,Full,Black / Gold
81743,ATX,plus,700,FALSE,
81744,ATX,bronze,550,FALSE,Black
81745,ATX,bronze,720,Semi,
81746,ATX,,550,FALSE,
81747,ATX,,500,FALSE,
81748,ATX,platinum,1200,Semi,
81749,ATX,gold,750,Full,
81750,ATX,bronze,650,Semi,
81751,ATX,bronze,750,FALSE,
81752,TFX,,420,FALSE,
81753,ATX,bronze,550,FALSE,Black
81754,SFX,bronze,450,FALSE,Black
81755,ATX,bronze,650,FALSE,Black / Red
81756,ATX,bronze,850,Full,
81757,ATX,gold,500,Semi,Black
81758,ATX,gold,1050,Full,
81759,ATX,,600,FALSE,
81760,ATX,bronze,650,FALSE,
81761,ATX,bronze,500,FALSE,
81762,ATX,platinum,850,Full,Black
81763,ATX,gold,500,FALSE,
81764,SFX,bronze,400,FALSE,
81765,ATX,platinum,1000,Full,
81766,ATX,platinum,1200,Full,
81767,ATX,gold,430,Semi,
81768,ATX,platinum,1200,Full,
81769,ATX,gold,450,Full,
81770,ATX,bronze,1000,Semi,
81771,ATX,gold,850,FALSE,Black
81772,ATX,,430,FALSE,
81773,ATX,gold,650,Full,Black
81774,ATX,gold,850,Full,Black
81775,ATX,gold,1500,Semi,
81776,ATX,gold,1000,Full,Silver / Black
81777,ATX,platinum,1500,Full,
81778,SFX,gold,450,Full,Black
81779,ATX,,500,FALSE,
81780,ATX,,700,FALSE,
81781,ATX,bronze,550,FALSE,Black
81782,ATX,silver,600,Semi,
81783,ATX,bronze,750,Semi,
81784,ATX,,630,Semi,
81785,ATX,,600,FALSE,
81786,ATX,bronze,520,FALSE,
81787,SFX,,250,FALSE,
81788,ATX,plus,600,Full,
81789,ATX,,550,FALSE,
81790,ATX,silver,1200,Full,
81791,ATX,plus,500,Semi,
81792,ATX,silver,750,Full,
81793,ATX,,600,FALSE,
81794,ATX,gold,500,FALSE,
81795,ATX,gold,850,Full,
81796,ATX,gold,1800,FALSE,Black
81797,ATX,gold,500,FALSE,
81798,ATX,bronze,500,FALSE,
81799,ATX,bronze,875,Full,
81800,ATX,titanium,750,Full,
81801,ATX,plus,450,FALSE,
81802,ATX,bronze,850,FALSE,Black
81803,Mini ITX,,220,FALSE,
81804,ATX,platinum,750,FALSE,
81805,ATX,gold,750,Full,
81806,ATX,bronze,650,Semi,Black
81807,ATX,bronze,750,Semi,
81808,ATX,bronze,650,Semi,White / Black
81809,ATX,,700,FALSE,
81810,Mini ITX,plus,270,FALSE,
81811,ATX,plus,500,FALSE,
81812,ATX,bronze,625,Full,
81813,ATX,platinum,850,Full,Black
81814,ATX,silver,550,FALSE,
81815,ATX,,350,FALSE,
81816,ATX,gold,650,FALSE,Black
81817,ATX,gold,550,FALSE,
81818,ATX,bronze,450,FALSE,
81819,ATX,gold,850,Full,Black
81820,ATX,silver,550,Full,
81821,ATX,bronze,830,FALSE,Black / Red
81822,ATX,gold,600,Semi,
81823,ATX,,775,FALSE,
81824,ATX,bronze,400,FALSE,
81825,ATX,bronze,300,FALSE,
81826,ATX,gold,800,Semi,
81827,ATX,gold,1200,Full,White
81828,ATX,gold,750,FALSE,Black / Yellow
81829,ATX,plus,600,FALSE,
81830,ATX,bronze,450,FALSE,Black
81831,TFX,plus,300,FALSE,
81832,ATX,gold,750,Full,Black
81833,ATX,gold,900,Semi,
81834,ATX,,600,FALSE,
81835,ATX,silver,750,FALSE,
81836,ATX,bronze,450,FALSE,Black
81837,ATX,bronze,400,FALSE,
81838,ATX,,500,FALSE,
81839,ATX,bronze,350,FALSE,
81840,ATX,,650,FALSE,
81841,ATX,bronze,850,Semi,
81842,ATX,platinum,750,Full,Black
81843,ATX,bronze,600,Full,
81844,ATX,gold,550,Semi,
81845,ATX,plus,1000,Full,
81846,ATX,gold,750,Full,
81847,ATX,bronze,600,Semi,
81848,ATX,gold,550,Full,Black
81849,ATX,gold,750,FALSE,
81850,ATX,platinum,700,Semi,
81851,ATX,,500,FALSE,
81852,ATX,,600,FALSE,
81853,ATX,,600,FALSE,
81854,ATX,gold,1000,Semi,
81855,ATX,plus,600,FALSE,
81856,ATX,bronze,750,Semi,
81857,ATX,,400,FALSE,
81858,ATX,bronze,650,FALSE,
81859,ATX,bronze,575,Full,
81860,ATX,gold,650,Semi,Black
81861,ATX,plus,350,FALSE,
81862,ATX,bronze,530,FALSE,
81863,ATX,titanium,1000,Full,
81864,ATX,bronze,800,FALSE,
81865,ATX,bronze,650,Semi,
81866,ATX,gold,650,Full,
81867,ATX,gold,650,Full,Black
81868,ATX,titanium,1200,Full,
81869,ATX,platinum,650,Full,
81870,SFX,gold,750,Full,White
81871,ATX,platinum,1200,Full,Black
81872,ATX,gold,1000,Full,Black
81873,ATX,gold,650,Semi,
81874,ATX,gold,650,Semi,Black / Blue
81875,ATX,bronze,450,Semi,
81876,ATX,,680,Semi,
81877,ATX,bronze,650,FALSE,
81878,ATX,gold,1000,Full,
81879,ATX,gold,750,FALSE,
81880,ATX,bronze,500,FALSE,
81881,ATX,gold,1000,Full,Black
81882,ATX,gold,500,Semi,
81883,ATX,,500,FALSE,Black / Green
81884,ATX,platinum,850,Full,Black
81885,ATX,platinum,1000,Semi,Black
81886,ATX,gold,850,Full,Black
81887,ATX,gold,1000,Full,Black
81888,ATX,bronze,500,FALSE,
81889,ATX,plus,600,FALSE,Black
81890,ATX,bronze,400,FALSE,
81891,ATX,platinum,520,Full,
81892,ATX,gold,1200,Full,
81893,ATX,gold,1050,Full,
81894,ATX,gold,550,FALSE,Black
81895,ATX,gold,1500,Full,
81896,ATX,bronze,650,Semi,
81897,ATX,gold,500,Semi,
81898,ATX,bronze,450,FALSE,Black
81899,ATX,gold,700,FALSE,Black
81900,ATX,bronze,700,FALSE,
81901,ATX,plus,650,FALSE,
81902,ATX,,850,FALSE,
81903,ATX,platinum,750,Full,
81904,ATX,gold,1000,Full,
81905,SFX,bronze,350,FALSE,Black
81906,ATX,gold,1300,Full,
81907,ATX,titanium,800,Full,
81908,ATX,titanium,1050,Full,
81909,ATX,gold,850,Full,Black
81910,ATX,gold,1000,Full,White
81911,ATX,bronze,850,Full,
81912,ATX,platinum,1200,Full,Black
81913,ATX,bronze,550,Semi,Black
81914,ATX,platinum,1000,Full,Black
81915,ATX,gold,850,Full,White
81916,ATX,gold,700,Semi,
81917,ATX,gold,650,FALSE,
81918,ATX,bronze,550,Full,
81919,ATX,bronze,350,FALSE,Black
81920,ATX,gold,550,Full,
81921,ATX,gold,650,Full,
81922,ATX,gold,450,Semi,
81923,ATX,plus,630,FALSE,
81924,ATX,gold,1375,Semi,
81925,ATX,plus,700,FALSE,Black
81926,ATX,bronze,850,Semi,
81927,ATX,gold,1050,Full,
81928,ATX,plus,750,FALSE,
81929,ATX,platinum,850,Full,Black / Silver
81930,ATX,bronze,500,FALSE,
81931,ATX,plus,350,FALSE,
81932,ATX,plus,650,FALSE,
81933,ATX,bronze,1000,Semi,
81934,ATX,plus,720,Full,
81935,ATX,bronze,500,FALSE,
81936,ATX,bronze,600,FALSE,
81937,ATX,plus,1200,Semi,
81938,ATX,,500,Semi,
81939,ATX,gold,500,FALSE,
81940,ATX,gold,600,FALSE,Black
81941,ATX,platinum,750,Full,
81942,ATX,gold,450,FALSE,
81943,ATX,titanium,850,Full,
81944,ATX,bronze,700,FALSE,
81945,ATX,bronze,650,Semi,Black / Gray
81946,ATX,gold,1000,Full,Black
81947,ATX,bronze,550,Full,Black
81948,ATX,bronze,750,FALSE,
81949,SFX,gold,600,Full,Black
81950,ATX,gold,850,Full,White
81951,ATX,plus,750,Semi,
81952,ATX,silver,600,Semi,
81953,ATX,gold,750,Semi,
81954,ATX,platinum,1000,Semi,
81955,ATX,platinum,850,Semi,
81956,ATX,platinum,750,Full,
81957,ATX,plus,500,FALSE,Black
81958,ATX,bronze,600,Semi,Black
81959,ATX,gold,750,Full,Black
81960,ATX,bronze,400,FALSE,Black / Red
81961,ATX,bronze,620,FALSE,
81962,ATX,gold,1500,Full,
81963,ATX,bronze,520,FALSE,
81964,ATX,gold,650,FALSE,
81965,ATX,gold,660,Full,
81966,ATX,bronze,650,FALSE,
81967,ATX,bronze,500,FALSE,
81968,ATX,bronze,750,FALSE,Black
81969,ATX,gold,650,FALSE,
81970,ATX,,300,FALSE,
81971,ATX,gold,850,FALSE,Black
81972,ATX,,300,FALSE,
81973,ATX,bronze,750,Semi,
81974,ATX,bronze,450,Semi,
81975,ATX,gold,850,Full,Black
81976,ATX,gold,650,FALSE,
81977,ATX,gold,850,Full,Black / Silver
81978,ATX,gold,700,Semi,
81979,ATX,gold,850,Full,
81980,ATX,gold,550,FALSE,
81981,ATX,silver,460,FALSE,Black
81982,ATX,gold,1000,Semi,
81983,ATX,platinum,1050,Full,
81984,ATX,bronze,500,FALSE,Black
81985,ATX,gold,650,Full,
81986,ATX,gold,750,Full,Black
81987,SFX,bronze,450,FALSE,Black / Green
81988,ATX,bronze,430,FALSE,
81989,ATX,bronze,550,Semi,Black / Blue
81990,ATX,,550,FALSE,
81991,ATX,gold,550,FALSE,
81992,ATX,gold,450,Semi,
81993,ATX,plus,500,FALSE,
81994,ATX,gold,450,FALSE,
81995,ATX,gold,550,FALSE,
81996,ATX,gold,630,Semi,
81997,ATX,bronze,750,Full,
81998,ATX,gold,750,Semi,
81999,ATX,silver,700,Semi,
82000,ATX,,450,FALSE,
82001,ATX,gold,1200,Full,
82002,ATX,gold,850,Full,Black
82003,ATX,gold,1250,Full,Black
82004,ATX,bronze,500,Semi,
82005,ATX,gold,650,Full,Black
82006,ATX,bronze,550,Full,
82007,ATX,bronze,750,Semi,
82008,ATX,plus,1200,Full,
82009,ATX,bronze,1200,Semi,
82010,ATX,bronze,700,FALSE,
82011,ATX,bronze,675,Semi,
82012,ATX,silver,750,Full,
82013,ATX,bronze,770,Full,
82014,ATX,gold,600,FALSE,
82015,ATX,gold,730,Semi,
82016,ATX,bronze,550,FALSE,
82017,ATX,plus,550,FALSE,
82018,ATX,gold,400,FALSE,
82019,ATX,platinum,850,Full,
82020,ATX,gold,650,Full,
82021,ATX,bronze,400,Semi,
82022,ATX,,450,FALSE,Black / Red
82023,ATX,gold,550,Semi,Black
82024,ATX,gold,750,Semi,
82025,ATX,titanium,1250,Full,
82026,ATX,gold,650,Full,
82027,ATX,bronze,800,FALSE,
82028,ATX,gold,500,FALSE,
82029,ATX,gold,700,FALSE,
82030,ATX,plus,550,FALSE,Black
82031,ATX,gold,850,Full,Black
82032,ATX,gold,1200,Full,Black
82033,ATX,titanium,1200,Full,
82034,ATX,bronze,500,Semi,
82035,ATX,gold,850,Full,Black
82036,ATX,bronze,1200,Semi,
82037,ATX,gold,750,Full,Black / Multicolor
82038,ATX,bronze,735,Semi,
82039,ATX,bronze,1000,Full,
82040,ATX,,350,FALSE,
82041,ATX,gold,500,FALSE,
82042,ATX,gold,650,Full,Black / Yellow
82043,ATX,gold,650,Full,
82044,ATX,bronze,700,FALSE,
82045,ATX,bronze,550,Semi,Black
82046,ATX,plus,600,FALSE,Black
82047,ATX,platinum,850,Full,Black
82048,ATX,silver,750,FALSE,
82049,SFX,bronze,350,FALSE,Black / Green
82050,ATX,gold,650,Full,
82051,ATX,gold,800,FALSE,
82052,ATX,gold,850,Semi,
82053,ATX,gold,1250,Full,
82054,ATX,gold,600,Semi,Black
82055,ATX,titanium,1200,Full,
82056,ATX,gold,550,FALSE,
82057,ATX,bronze,750,FALSE,
82058,ATX,bronze,650,Full,
82059,ATX,platinum,1650,Full,Black
82060,ATX,bronze,550,FALSE,Black / Red
82061,ATX,gold,750,FALSE,
82062,ATX,silver,450,FALSE,
82063,ATX,platinum,1350,Full,Black
82064,ATX,gold,850,Full,Black
82065,ATX,gold,650,FALSE,Black
82066,ATX,gold,750,Full,White
82067,ATX,gold,1000,Semi,
82068,ATX,gold,650,Full,Black / Orange
82069,ATX,gold,750,Full,Black / Orange
82070,ATX,bronze,1000,Full,
82071,ATX,platinum,1250,Full,Black
82072,ATX,bronze,550,Full,
82073,ATX,silver,850,Semi,
82074,ATX,gold,650,Semi,
82075,ATX,bronze,750,FALSE,
82076,ATX,gold,750,Semi,
82077,ATX,bronze,550,FALSE,
82078,ATX,gold,750,Full,Black
82079,ATX,bronze,750,FALSE,
82080,ATX,bronze,850,Semi,Orange / Black
82081,ATX,bronze,500,FALSE,
82082,ATX,bronze,800,FALSE,
82083,ATX,bronze,750,FALSE,
82084,ATX,,700,FALSE,
82085,ATX,gold,1000,Full,
82086,ATX,bronze,450,Semi,Black
82087,ATX,gold,850,Full,
82088,ATX,gold,750,Semi,
82089,ATX,bronze,1000,Full,
82090,ATX,bronze,550,FALSE,
82091,ATX,,1200,Full,Gray
82092,ATX,gold,750,Full,
82093,Flex ATX,silver,500,FALSE,
82094,ATX,bronze,850,Semi,White
82095,ATX,gold,700,FALSE,Black
82096,ATX,silver,1500,Semi,
82097,SFX,bronze,400,FALSE,
82098,ATX,gold,550,Semi,
82099,ATX,gold,550,Semi,
82100,ATX,bronze,600,FALSE,Gray
82101,ATX,gold,1000,Semi,Black
82102,ATX,silver,750,FALSE,
82103,ATX,platinum,1200,Full,
82104,ATX,platinum,1050,Full,White / Gray
82105,ATX,gold,1050,Full,Black
82106,ATX,gold,450,FALSE,
82107,ATX,gold,1300,Full,
82108,ATX,gold,750,Semi,
82109,ATX,,450,FALSE,
82110,TFX,bronze,400,FALSE,
82111,ATX,,400,FALSE,
82112,ATX,plus,400,FALSE,
82113,ATX,platinum,1000,Full,Black / Silver
82114,ATX,gold,1050,Full,
82115,ATX,plus,500,FALSE,
82116,ATX,plus,750,FALSE,
82117,ATX,bronze,1000,Full,
82118,ATX,silver,1200,Semi,
82119,ATX,silver,1200,Full,
82120,ATX,,500,FALSE,
82121,ATX,silver,800,FALSE,
82122,ATX,,700,FALSE,
82123,ATX,bronze,350,FALSE,
82124,ATX,,500,FALSE,
82125,ATX,bronze,400,FALSE,
82126,ATX,,780,Full,
82127,ATX,gold,750,Semi,
82128,ATX,plus,700,FALSE,
82129,ATX,,650,Full,
82130,ATX,bronze,500,FALSE,Black
82131,ATX,bronze,750,Semi,Black
82132,ATX,platinum,1000,Full,
82133,ATX,gold,550,FALSE,Black / Yellow
82134,ATX,bronze,700,Semi,
82135,ATX,bronze,850,Full,Black
82136,ATX,platinum,1000,Full,
82137,ATX,gold,1500,Full,
82138,ATX,bronze,1000,Semi,
82139,ATX,bronze,400,FALSE,
82140,ATX,bronze,800,FALSE,Black
82141,ATX,bronze,650,Semi,Black
82142,ATX,silver,1350,Full,
82143,ATX,platinum,750,Full,Black
82144,ATX,gold,550,Full,
82145,ATX,bronze,450,Semi,
82146,ATX,bronze,600,Semi,
82147,ATX,bronze,1000,Semi,
82148,ATX,bronze,500,FALSE,
82149,ATX,platinum,1000,Full,
82150,ATX,titanium,750,Full,Black
82151,ATX,platinum,550,Full,
82152,ATX,bronze,650,FALSE,
82153,ATX,platinum,750,FALSE,
82154,ATX,gold,450,FALSE,
82155,ATX,gold,700,FALSE,
82156,ATX,platinum,850,Full,
82157,ATX,bronze,800,Full,
82158,ATX,gold,850,Full,White
82159,ATX,gold,650,Semi,
82160,ATX,,450,FALSE,
82161,ATX,gold,550,FALSE,Black
82162,ATX,platinum,1200,Full,Black
82163,ATX,gold,850,Full,
82164,ATX,gold,500,Semi,Black
82165,ATX,platinum,1200,Full,Black
82166,ATX,gold,1200,Full,Black / Red
82167,ATX,silver,850,Semi,
82168,ATX,,650,FALSE,
82169,ATX,bronze,850,Semi,Black
82170,ATX,gold,1000,Full,White
82171,ATX,bronze,1000,Semi,
82172,ATX,gold,550,Semi,
82173,ATX,gold,550,FALSE,
82174,ATX,gold,650,FALSE,
82175,ATX,silver,400,FALSE,
82176,ATX,gold,1600,Semi,
82177,ATX,bronze,650,FALSE,
82178,ATX,gold,1000,Semi,
82179,ATX,,300,FALSE,
82180,ATX,gold,850,Full,Black
82181,ATX,gold,700,Semi,
82182,ATX,platinum,1200,Full,
82183,ATX,gold,1200,Full,Black
82184,ATX,bronze,850,FALSE,
82185,ATX,bronze,650,FALSE,
82186,ATX,gold,1000,Full,White
82187,ATX,gold,850,Semi,
82188,ATX,gold,650,Semi,
82189,ATX,platinum,450,Semi,
82190,ATX,,400,FALSE,
82191,ATX,plus,400,FALSE,
82192,ATX,bronze,1200,Full,
82193,ATX,silver,1600,Semi,
82194,ATX,bronze,450,Semi,
82195,ATX,gold,750,Full,Black
82196,ATX,bronze,650,Semi,
82197,ATX,bronze,550,FALSE,
82198,ATX,gold,1200,Semi,Black / Gold
82199,ATX,bronze,530,FALSE,Black / Red
82200,ATX,bronze,730,FALSE,Black / Red
82201,ATX,,500,FALSE,
82202,ATX,silver,1000,Semi,
82203,ATX,gold,700,Full,
82204,ATX,gold,850,Semi,
82205,ATX,,500,FALSE,
82206,ATX,bronze,430,FALSE,
82207,ATX,gold,750,FALSE,
82208,ATX,gold,1000,FALSE,
82209,ATX,,700,Full,
82210,ATX,,350,FALSE,
82211,ATX,gold,650,Semi,
82212,TFX,,300,FALSE,Silver
82213,ATX,silver,850,FALSE,
82214,ATX,gold,850,Full,Black
82215,ATX,gold,750,Full,White
82216,ATX,platinum,1000,Full,White
82217,ATX,platinum,1200,Full,
82218,Flex ATX,bronze,300,FALSE,
82219,ATX,gold,700,FALSE,
82220,ATX,plus,500,FALSE,Black
82221,ATX,gold,550,FALSE,
82222,ATX,bronze,600,FALSE,
82223,ATX,gold,450,FALSE,
82224,ATX,,600,FALSE,
82225,SFX,bronze,300,FALSE,
82226,ATX,plus,550,FALSE,
82227,ATX,silver,850,Full,
82228,ATX,gold,430,Semi,
82229,ATX,gold,750,Full,Black / Silver
82230,ATX,platinum,850,Full,Black
82231,ATX,plus,1200,Full,
82232,ATX,bronze,650,Full,
82233,ATX,platinum,1050,Full,
82234,ATX,bronze,1000,Semi,
82235,ATX,gold,1200,Full,Black
82236,ATX,,750,Full,
82237,Mini ITX,,200,FALSE,
82238,ATX,bronze,500,FALSE,
82239,ATX,platinum,1300,Full,Black
82240,ATX,gold,650,Semi,
82241,SFX,gold,500,Full,Black
82242,ATX,gold,1000,Semi,
82243,ATX,platinum,850,Full,White
82244,ATX,platinum,750,Full,Black / Silver
82245,ATX,platinum,1200,Full,Black / Silver
82246,ATX,bronze,600,FALSE,
82247,ATX,bronze,700,Semi,Black
82248,ATX,plus,600,FALSE,
82249,ATX,gold,1200,FALSE,
82250,ATX,,650,FALSE,
82251,ATX,,900,FALSE,
82252,ATX,,500,FALSE,
82253,Mini ITX,,200,FALSE,
82254,ATX,,485,FALSE,
82255,ATX,,500,FALSE,
82256,ATX,,950,Full,
82257,ATX,gold,650,Semi,
82258,ATX,bronze,625,Full,
82259,ATX,silver,920,Full,
82260,ATX,plus,550,FALSE,
82261,ATX,gold,1000,Semi,
82262,ATX,bronze,600,FALSE,
82263,ATX,,700,FALSE,
82264,ATX,,350,FALSE,
82265,ATX,plus,1200,Full,
82266,ATX,bronze,600,FALSE,
82267,ATX,bronze,775,Full,
82268,ATX,bronze,400,FALSE,Black
82269,ATX,bronze,650,Semi,
82270,ATX,platinum,650,Full,
82271,ATX,platinum,450,FALSE,
82272,ATX,bronze,550,FALSE,
82273,ATX,platinum,750,Semi,
82274,ATX,platinum,600,Semi,
82275,ATX,gold,1650,FALSE,Black
82276,ATX,bronze,600,Semi,
82277,ATX,platinum,650,Full,Black
82278,ATX,bronze,350,FALSE,
82279,ATX,plus,300,FALSE,
82280,ATX,gold,400,FALSE,
82281,ATX,bronze,700,FALSE,Black / Silver
82282,ATX,gold,1200,Full,Black / White
82283,ATX,platinum,850,Semi,
82284,ATX,bronze,650,Semi,
82285,ATX,plus,500,FALSE,
82286,ATX,bronze,600,FALSE,
82287,ATX,platinum,750,Full,
82288,ATX,bronze,735,Semi,
82289,ATX,gold,600,FALSE,
82290,ATX,bronze,750,Full,Black
82291,ATX,titanium,1250,Full,
82292,ATX,,350,FALSE,
82293,ATX,,300,FALSE,
82294,ATX,gold,750,Semi,
82295,ATX,bronze,800,Semi,
82296,ATX,plus,650,FALSE,Black / Multicolor
82297,ATX,bronze,450,FALSE,Black
82298,ATX,bronze,450,Semi,
82299,ATX,gold,550,Semi,
82300,ATX,gold,650,Full,Black
82301,ATX,gold,600,FALSE,
82302,TFX,,300,FALSE,
82303,ATX,bronze,835,Semi,
82304,ATX,bronze,635,Semi,
82305,ATX,bronze,400,FALSE,
82306,ATX,gold,650,Full,White
82307,ATX,gold,550,Semi,
82308,ATX,,400,FALSE,
82309,ATX,gold,850,Full,
82310,ATX,platinum,650,FALSE,
82311,ATX,gold,850,Semi,Black
82312,ATX,gold,450,FALSE,Black
82313,ATX,,500,FALSE,
82314,ATX,silver,400,Semi,
82315,ATX,platinum,1000,Semi,
82316,SFX,gold,750,Semi,Black
82317,ATX,platinum,1500,Full,Black
82318,ATX,bronze,850,Semi,Black
82319,ATX,gold,750,Semi,
82320,ATX,bronze,1000,Semi,
82321,ATX,bronze,450,FALSE,
82322,ATX,platinum,1375,Full,
82323,ATX,gold,850,Full,
82324,ATX,plus,600,FALSE,
82325,ATX,gold,850,Full,Black
82326,ATX,bronze,400,Semi,
82327,ATX,titanium,1250,Full,Black / Silver
82328,ATX,gold,850,FALSE,
82329,ATX,gold,1050,FALSE,
82330,ATX,,350,FALSE,
82331,ATX,bronze,500,FALSE,
82332,ATX,gold,1200,FALSE,
82333,ATX,gold,650,Full,
82334,ATX,gold,850,Full,
82335,ATX,gold,1250,Full,Black / Red
82336,ATX,platinum,500,Semi,
82337,ATX,bronze,700,FALSE,
82338,ATX,gold,600,FALSE,
82339,ATX,platinum,850,Semi,Black
82340,ATX,plus,500,FALSE,Black
82341,ATX,platinum,650,Semi,
82342,ATX,platinum,850,Full,Black
82343,ATX,gold,1000,FALSE,
82344,ATX,silver,650,FALSE,
82345,Mini ITX,bronze,350,FALSE,
82346,ATX,silver,750,Semi,
82347,ATX,gold,750,Semi,
82348,ATX,gold,1300,Semi,
82349,ATX,bronze,650,FALSE,
82350,ATX,bronze,500,FALSE,
82351,ATX,bronze,450,FALSE,
82352,ATX,,450,FALSE,
82353,ATX,gold,650,Full,Black
82354,ATX,bronze,650,FALSE,
82355,ATX,bronze,630,FALSE,Black / Red
82356,ATX,platinum,650,Full,Black
82357,ATX,gold,700,FALSE,
82358,ATX,,500,FALSE,
82359,ATX,gold,650,Full,
82360,ATX,bronze,1000,FALSE,
82361,ATX,plus,450,FALSE,
82362,ATX,bronze,560,FALSE,
82363,ATX,gold,650,Full,
82364,ATX,gold,800,Full,
82365,ATX,,500,FALSE,Black
82366,ATX,,675,FALSE,
82367,ATX,titanium,600,Full,Silver
82368,ATX,bronze,500,FALSE,
82369,ATX,platinum,500,Semi,
82370,ATX,platinum,1000,Full,
82371,ATX,platinum,1200,Full,
82372,SFX,gold,700,Full,Black
82373,ATX,gold,1000,Full,Black
82374,ATX,gold,1000,Full,Black
82375,ATX,gold,550,Full,
82376,ATX,gold,1000,Full,Black
82377,ATX,gold,1000,Full,Black
82378,ATX,gold,500,Semi,
82379,ATX,gold,600,Semi,
82380,ATX,bronze,550,FALSE,Black
82381,TFX,bronze,300,FALSE,
82382,ATX,gold,850,Full,
82383,ATX,gold,750,FALSE,
82384,TFX,gold,300,FALSE,
82385,ATX,silver,1050,Full,
82386,ATX,platinum,1000,Semi,
82387,ATX,platinum,650,Full,Black
82388,ATX,bronze,550,FALSE,Black
82389,ATX,,500,FALSE,Silver
82390,ATX,bronze,550,Full,
82391,ATX,platinum,850,Full,
82392,ATX,plus,530,FALSE,
82393,ATX,platinum,1275,Semi,
82394,ATX,plus,450,FALSE,Black
82395,ATX,gold,550,Full,
82396,ATX,bronze,400,Semi,
82397,ATX,gold,650,FALSE,
82398,ATX,bronze,550,Semi,
82399,ATX,,380,FALSE,
82400,ATX,gold,1000,Full,
82401,ATX,gold,850,Semi,
82402,ATX,bronze,650,Semi,
82403,ATX,,600,FALSE,
82404,ATX,bronze,300,FALSE,
82405,ATX,platinum,1000,Full,White
82406,ATX,platinum,1200,Full,White
82407,ATX,gold,600,Semi,
82408,ATX,,500,FALSE,
82409,ATX,plus,400,FALSE,
82410,ATX,,680,FALSE,
82411,ATX,,585,FALSE,
82412,ATX,,1080,Full,
82413,ATX,,460,FALSE,
82414,ATX,,700,Full,
82415,ATX,plus,400,FALSE,
82416,ATX,gold,700,Full,
82417,ATX,plus,800,FALSE,
82418,ATX,gold,850,Semi,
82419,ATX,plus,460,FALSE,
82420,ATX,,500,FALSE,
82421,ATX,,800,FALSE,
82422,ATX,bronze,500,Full,
82423,ATX,bronze,750,FALSE,
82424,ATX,bronze,850,Semi,
82425,ATX,bronze,660,Full,
82426,ATX,bronze,350,FALSE,
82427,ATX,gold,560,Full,
82428,SFX,plus,300,FALSE,
82429,ATX,gold,550,FALSE,Black
82430,ATX,bronze,500,Semi,Black
82431,ATX,platinum,550,Full,
82432,ATX,gold,550,FALSE,
82433,ATX,gold,450,FALSE,
82434,ATX,gold,1250,Full,
82435,ATX,gold,1000,Semi,
82436,ATX,,500,FALSE,
82437,ATX,gold,1000,Semi,
82438,ATX,,400,FALSE,
82439,ATX,,400,FALSE,
82440,ATX,gold,1000,FALSE,
82441,ATX,gold,850,Full,
82442,ATX,gold,750,Full,
82443,ATX,,750,FALSE,
82444,ATX,bronze,550,Semi,Black
82445,ATX,bronze,635,Semi,
82446,ATX,,500,FALSE,
82447,ATX,gold,550,Full,Black
82448,ATX,bronze,850,Full,Black
82449,ATX,,550,FALSE,
82450,ATX,gold,750,Full,Black
82451,ATX,platinum,1200,Full,
82452,ATX,,450,FALSE,
82453,ATX,,550,FALSE,
82454,ATX,platinum,1300,Full,
82455,ATX,gold,550,FALSE,Black
82456,ATX,gold,750,Full,White
82457,ATX,,500,FALSE,
82458,ATX,plus,430,FALSE,
82459,ATX,bronze,730,FALSE,Black
82460,ATX,,600,FALSE,
82461,ATX,gold,650,Full,
82462,ATX,gold,1050,Semi,
82463,ATX,gold,1200,Semi,
82464,ATX,platinum,1050,Full,Black
82465,ATX,bronze,400,FALSE,Black
82466,ATX,platinum,400,FALSE,
82467,ATX,bronze,500,FALSE,
82468,ATX,,850,FALSE,
82469,ATX,silver,760,FALSE,
82470,ATX,gold,450,FALSE,
82471,ATX,gold,650,FALSE,
82472,ATX,titanium,700,Semi,Black
82473,ATX,bronze,750,FALSE,
82474,ATX,silver,910,FALSE,
82475,ATX,bronze,750,FALSE,
82476,ATX,bronze,400,FALSE,
82477,ATX,bronze,800,Full,
82478,ATX,,350,FALSE,
82479,ATX,platinum,1200,Semi,
82480,ATX,bronze,650,FALSE,Black
82481,ATX,,680,FALSE,
82482,ATX,,450,FALSE,
82483,ATX,,1200,FALSE,
82484,ATX,gold,750,Full,
82485,ATX,gold,1050,Full,Black
82486,ATX,gold,1200,Full,Black
82487,ATX,,700,FALSE,
82488,ATX,bronze,535,Semi,
82489,ATX,bronze,650,Semi,
82490,TFX,gold,300,FALSE,
82491,ATX,gold,500,FALSE,
82492,ATX,gold,400,FALSE,
82493,ATX,gold,700,FALSE,
82494,ATX,bronze,750,Full,
82495,ATX,bronze,750,FALSE,
82496,ATX,bronze,650,FALSE,
82497,ATX,platinum,1000,Semi,
82498,ATX,platinum,550,Semi,
82499,ATX,gold,750,FALSE,Black
82500,ATX,gold,500,FALSE,
82501,ATX,gold,1200,Full,Black
82502,ATX,platinum,750,Semi,
82503,ATX,gold,550,Semi,
82504,SFX,gold,550,Full,
82505,ATX,platinum,760,Full,
82506,ATX,platinum,650,Semi,
82507,ATX,bronze,700,Semi,
82508,ATX,platinum,650,Full,Black
82509,ATX,platinum,550,Full,Black
82510,ATX,platinum,750,Full,Black
82511,ATX,bronze,550,Semi,
82512,ATX,plus,500,FALSE,
82513,ATX,bronze,850,Semi,
82514,ATX,bronze,850,Full,
82515,ATX,platinum,1200,Full,
82516,ATX,bronze,500,FALSE,
82517,ATX,,480,FALSE,
82518,ATX,bronze,550,Semi,
82519,ATX,bronze,500,FALSE,
82520,ATX,gold,1050,Full,Black
82521,ATX,gold,750,Full,
82522,ATX,platinum,600,Semi,
82523,ATX,gold,750,Semi,
82524,ATX,gold,500,FALSE,
82525,ATX,bronze,1200,Semi,
82526,ATX,gold,750,Full,Black / Red
82527,ATX,gold,400,FALSE,
82528,ATX,,550,FALSE,
82529,ATX,,500,Full,
82530,ATX,silver,700,FALSE,
82531,ATX,gold,850,Full,
82532,ATX,plus,550,FALSE,
82533,ATX,,700,FALSE,
82534,ATX,,500,FALSE,Black
82535,ATX,,500,FALSE,Black
82536,ATX,,600,Semi,
82537,ATX,platinum,500,Semi,
82538,ATX,gold,1200,Full,
82539,ATX,platinum,520,Full,
82540,ATX,bronze,660,FALSE,Black
82541,ATX,bronze,550,Semi,
82542,ATX,,650,FALSE,
82543,ATX,gold,750,Full,
82544,ATX,platinum,1200,Full,Black
82545,ATX,,450,FALSE,
82546,ATX,,650,FALSE,
82547,ATX,gold,1050,Full,
82548,ATX,bronze,650,Semi,
82549,ATX,bronze,750,Semi,
82550,ATX,gold,750,Full,Black
82551,ATX,bronze,500,Semi,Black / Blue
82552,ATX,bronze,600,FALSE,
82553,ATX,platinum,1000,Full,Black
82554,ATX,gold,500,FALSE,
82555,ATX,bronze,650,FALSE,Black / Blue
82556,ATX,gold,850,Full,Black
82557,ATX,bronze,430,FALSE,
82558,ATX,,585,FALSE,Black
82559,ATX,bronze,650,FALSE,
82560,ATX,platinum,1200,Full,
82561,ATX,,600,FALSE,
82562,ATX,gold,850,Full,Black / Red
82563,ATX,,450,FALSE,
82564,TFX,bronze,300,FALSE,
82565,ATX,plus,1200,Semi,
82566,ATX,bronze,550,FALSE,
82567,ATX,gold,650,Semi,
82568,ATX,bronze,700,FALSE,
82569,ATX,,500,FALSE,
82570,ATX,bronze,550,FALSE,Black
82571,ATX,bronze,850,Full,
82572,ATX,,650,Full,
82573,ATX,gold,1000,Full,Black
82574,ATX,bronze,650,Full,
82575,ATX,,900,Full,
82576,ATX,gold,650,Full,
82577,ATX,plus,500,FALSE,Black
82578,ATX,gold,650,Full,
82579,ATX,gold,800,Semi,
82580,ATX,gold,1250,Full,
82581,ATX,bronze,650,Semi,
82582,ATX,gold,750,Semi,
82583,ATX,gold,850,Semi,
82584,ATX,bronze,380,FALSE,
82585,ATX,platinum,1000,Full,
82586,ATX,gold,1600,Full,
82587,ATX,bronze,850,Semi,
82588,ATX,gold,650,Semi,
82589,ATX,,460,FALSE,
82590,ATX,,400,FALSE,
82591,ATX,,500,FALSE,
82592,ATX,bronze,550,FALSE,
82593,ATX,gold,850,Full,
82594,ATX,gold,1200,Full,
82595,ATX,bronze,750,Semi,
82596,ATX,bronze,850,Semi,
82597,ATX,plus,550,Semi,
82598,ATX,plus,430,FALSE,
82599,ATX,bronze,750,Full,
82600,ATX,,520,FALSE,
82601,ATX,,600,FALSE,
82602,ATX,,450,FALSE,
82603,ATX,,400,FALSE,
82604,ATX,gold,1050,Full,
82605,ATX,,600,FALSE,
82606,ATX,,580,FALSE,
82607,ATX,,600,Semi,
82608,ATX,bronze,700,Semi,
82609,ATX,bronze,800,Semi,
82610,ATX,,750,Semi,
82611,ATX,,650,FALSE,
82612,ATX,bronze,1000,FALSE,
82613,ATX,bronze,1250,Semi,
82614,ATX,gold,800,Full,
82615,ATX,gold,500,FALSE,
82616,ATX,gold,600,FALSE,
82617,ATX,silver,1020,Full,
82618,ATX,plus,1000,FALSE,
82619,ATX,gold,650,FALSE,
82620,ATX,plus,500,FALSE,
82621,ATX,plus,700,FALSE,
82622,ATX,plus,650,Full,
82623,SFX,bronze,300,FALSE,
82624,ATX,gold,800,Semi,
82625,ATX,,400,FALSE,
82626,ATX,gold,1200,Full,
82627,ATX,,450,FALSE,
82628,ATX,,600,FALSE,
82629,ATX,,500,FALSE,
82630,ATX,,850,FALSE,
82631,TFX,,300,FALSE,
82632,ATX,,1000,FALSE,
82633,ATX,plus,1000,FALSE,
82634,ATX,gold,1000,Full,
82635,ATX,silver,1000,Full,
82636,ATX,gold,1000,Semi,
82637,ATX,,450,FALSE,
82638,ATX,,580,FALSE,
82639,ATX,silver,1350,Semi,
82640,ATX,plus,1000,Semi,
82641,ATX,bronze,1000,Full,
82642,ATX,silver,850,Full,
82643,ATX,gold,450,FALSE,
82644,ATX,platinum,550,FALSE,
82645,ATX,gold,650,FALSE,
82646,ATX,bronze,850,Semi,
82647,ATX,bronze,1000,Semi,
82648,ATX,gold,1000,Semi,
82649,ATX,,650,FALSE,
82650,ATX,gold,1350,FALSE,Black
82651,ATX,platinum,460,Full,
82652,ATX,plus,1000,FALSE,
82653,ATX,,450,FALSE,
82654,ATX,plus,400,FALSE,
82655,ATX,bronze,650,FALSE,
82656,ATX,,950,FALSE,
82657,ATX,gold,1200,Semi,
82658,ATX,gold,550,Semi,
82659,SFX,bronze,400,FALSE,
82660,ATX,bronze,600,FALSE,
82661,ATX,plus,400,FALSE,
82662,ATX,platinum,500,Semi,
82663,ATX,platinum,1000,Full,Black
82664,ATX,bronze,800,Semi,
82665,ATX,bronze,900,Semi,
82666,ATX,bronze,550,Semi,Black / Gray
82667,ATX,,610,FALSE,
82668,ATX,bronze,750,FALSE,
82669,ATX,,400,FALSE,
82670,ATX,bronze,430,FALSE,
82671,ATX,gold,600,Semi,
82672,ATX,gold,450,Semi,
82673,ATX,plus,800,Semi,Black
82674,ATX,plus,750,FALSE,
82675,ATX,bronze,650,Semi,
82676,ATX,gold,750,Full,Black
82677,ATX,gold,850,Full,White
82678,ATX,gold,1000,Full,
82679,ATX,gold,1200,Full,
82680,ATX,gold,550,Semi,
82681,ATX,,600,FALSE,
82682,ATX,plus,550,FALSE,Black / Multicolor
82683,ATX,gold,750,Full,
82684,ATX,plus,500,FALSE,
82685,ATX,plus,600,FALSE,
82686,ATX,bronze,600,FALSE,
82687,ATX,bronze,850,Full,Black
82688,ATX,bronze,850,FALSE,Black
82689,ATX,,650,FALSE,
82690,ATX,plus,950,FALSE,
82691,ATX,,300,FALSE,
82692,ATX,,850,FALSE,
82693,ATX,,350,FALSE,
82694,ATX,gold,650,FALSE,
82695,Mini ITX,plus,250,FALSE,
82696,ATX,,600,FALSE,
82697,ATX,platinum,450,FALSE,
82698,ATX,plus,550,FALSE,
82699,ATX,silver,1500,Semi,
82700,ATX,gold,550,Full,White
82701,ATX,,1250,FALSE,
82702,ATX,bronze,700,FALSE,
82703,ATX,,850,FALSE,
82704,ATX,,500,FALSE,
82705,ATX,,880,FALSE,
82706,ATX,platinum,550,Full,
82707,ATX,,450,FALSE,
82708,ATX,,350,FALSE,
82709,ATX,bronze,430,FALSE,
82710,ATX,,500,FALSE,
82711,ATX,gold,750,Semi,Black
82712,ATX,gold,650,Full,Black
82713,ATX,gold,750,Full,
82714,ATX,gold,750,Full,Black / Yellow
82715,ATX,gold,1250,Full,
82716,ATX,silver,1000,Full,
82717,ATX,platinum,650,FALSE,
82718,ATX,platinum,1050,Full,Black
82719,ATX,platinum,1200,Full,Black
82720,ATX,plus,1000,FALSE,Black
82721,ATX,bronze,750,Semi,
82722,ATX,plus,750,Full,
82723,ATX,bronze,1220,Full,
82724,ATX,gold,850,Full,
82725,ATX,bronze,650,FALSE,
82726,ATX,,1000,FALSE,
82727,ATX,bronze,550,Semi,White / Black
82728,ATX,plus,630,FALSE,
82729,TFX,gold,350,Full,
82730,ATX,bronze,550,FALSE,
82731,ATX,gold,750,Full,Black
82732,TFX,plus,300,FALSE,
82733,ATX,gold,1000,Full,
82734,SFX,gold,550,Full,
82735,ATX,gold,1200,Full,
82736,ATX,platinum,850,Full,
82737,ATX,gold,800,Semi,Black / Gold
82738,ATX,bronze,400,FALSE,
82739,ATX,bronze,850,FALSE,
82740,ATX,,550,FALSE,
82741,ATX,bronze,535,Semi,Black
82742,ATX,gold,760,Full,
82743,ATX,gold,500,FALSE,
82744,ATX,bronze,450,FALSE,
82745,ATX,bronze,650,Full,
82746,ATX,gold,1000,Full,White
82747,ATX,bronze,750,Semi,
82748,ATX,bronze,750,Full,
82749,ATX,gold,650,Full,Black
82750,ATX,gold,1200,Full,Black
82751,ATX,plus,600,FALSE,
82752,ATX,gold,1000,Full,Black
82753,ATX,bronze,650,Full,
82754,ATX,,650,FALSE,
82755,ATX,bronze,550,FALSE,
82756,ATX,,500,FALSE,Black / Green
82757,ATX,plus,600,FALSE,
82758,ATX,gold,1350,Full,Black
82759,ATX,,300,FALSE,
82760,ATX,gold,600,FALSE,
82761,ATX,gold,1200,Full,White
82762,ATX,plus,400,FALSE,Black
82763,ATX,platinum,550,Semi,
82764,ATX,platinum,1000,Semi,
82765,ATX,gold,750,Semi,
82766,ATX,platinum,550,Semi,
82767,ATX,bronze,750,Full,
82768,ATX,bronze,450,Semi,
82769,ATX,,350,FALSE,
82770,ATX,gold,700,Semi,
82771,ATX,,750,FALSE,
82772,ATX,bronze,600,Semi,Black / Blue
82773,ATX,gold,1000,Semi,
82774,ATX,bronze,750,Full,
82775,ATX,platinum,850,Full,Black
82776,ATX,platinum,1000,Full,Black
82777,ATX,platinum,1200,Full,Black
82778,ATX,,480,FALSE,
82779,ATX,,575,FALSE,
82780,ATX,gold,850,Semi,
82781,ATX,gold,1050,Full,
82782,ATX,gold,1000,FALSE,
82783,ATX,gold,900,Semi,
82784,ATX,gold,650,FALSE,
82785,ATX,bronze,650,FALSE,
82786,ATX,gold,550,Semi,
82787,ATX,silver,800,Semi,Black / Orange
82788,ATX,silver,900,Semi,Black / Orange
82789,ATX,gold,850,Full,
82790,ATX,gold,650,Full,
82791,ATX,gold,450,Full,
82792,ATX,plus,850,FALSE,
82793,ATX,gold,1000,Full,
82794,ATX,,600,FALSE,
82795,ATX,platinum,650,Full,Black
82796,ATX,bronze,1000,FALSE,
82797,ATX,bronze,760,FALSE,
82798,ATX,gold,1000,Full,
82799,ATX,bronze,500,Semi,Black
82800,SFX,,300,FALSE,
82801,ATX,bronze,700,FALSE,
82802,ATX,,850,FALSE,
82803,ATX,,1000,FALSE,
82804,ATX,,450,FALSE,Black
82805,ATX,,575,FALSE,
82806,ATX,bronze,450,FALSE,
82807,ATX,bronze,850,Full,
82808,ATX,gold,450,FALSE,
82809,ATX,gold,1000,Full,
82810,ATX,gold,650,Full,
82811,ATX,silver,1000,Semi,
82812,ATX,platinum,1000,Full,
82813,ATX,gold,850,Full,
82814,TFX,bronze,300,FALSE,Black
82815,TFX,gold,300,FALSE,
82816,SFX,plus,300,FALSE,
82817,ATX,gold,550,Semi,
82818,ATX,plus,500,FALSE,Black
82819,ATX,gold,1000,Semi,
82820,ATX,bronze,600,FALSE,
82821,ATX,plus,700,FALSE,
82822,ATX,bronze,550,FALSE,
82823,ATX,platinum,850,Semi,
82824,ATX,,1000,Semi,
82825,ATX,platinum,750,Full,
82826,ATX,gold,1000,Semi,
82827,ATX,platinum,1050,Semi,Black
82828,ATX,gold,530,Semi,
82829,ATX,platinum,750,Semi,
82830,ATX,bronze,1000,Semi,
82831,ATX,gold,1300,Semi,
82832,SFX,gold,650,Full,Black
82833,ATX,gold,850,Full,
82834,ATX,bronze,550,Full,
82835,ATX,bronze,1200,Semi,
82836,ATX,gold,1000,Full,
82837,ATX,,460,FALSE,
82838,ATX,gold,700,Semi,
82839,ATX,gold,650,Semi,
82840,ATX,bronze,750,FALSE,
82841,ATX,,600,Full,
82842,ATX,gold,550,FALSE,
82843,ATX,platinum,1250,Semi,
82844,ATX,gold,650,Semi,
82845,ATX,gold,1200,Full,
82846,ATX,bronze,800,Full,
82847,ATX,bronze,750,Semi,
82848,ATX,bronze,650,FALSE,
82849,ATX,bronze,750,FALSE,
82850,ATX,bronze,500,Semi,Black
82851,ATX,plus,430,FALSE,
82852,ATX,bronze,850,Full,
82853,ATX,,500,FALSE,
82854,ATX,platinum,1050,Full,
82855,ATX,platinum,1050,Full,
82856,ATX,,500,FALSE,
82857,ATX,,600,FALSE,
82858,ATX,,680,FALSE,
82859,ATX,,500,FALSE,
82860,ATX,,680,FALSE,
82861,ATX,bronze,550,FALSE,
82862,ATX,,450,FALSE,
82863,ATX,,350,FALSE,
82864,ATX,,485,FALSE,
82865,ATX,,585,FALSE,
82866,ATX,,650,FALSE,
82867,ATX,,585,FALSE,
82868,ATX,,585,FALSE,
82869,ATX,,650,FALSE,
82870,ATX,bronze,750,FALSE,
82871,ATX,,500,FALSE,
82872,ATX,,300,FALSE,
82873,ATX,,350,FALSE,
82874,ATX,,400,FALSE,
82875,ATX,,450,FALSE,
82876,ATX,,450,FALSE,
82877,ATX,,600,FALSE,
82878,ATX,plus,550,FALSE,
82879,ATX,bronze,1000,Semi,
82880,ATX,,650,Semi,
82881,ATX,bronze,800,FALSE,
82882,ATX,,550,Full,
82883,ATX,,850,Semi,
82884,ATX,plus,1350,FALSE,
82885,ATX,,400,FALSE,
82886,ATX,,600,FALSE,
82887,ATX,,650,FALSE,
82888,ATX,bronze,750,Full,
82889,ATX,,450,FALSE,
82890,ATX,,500,FALSE,
82891,ATX,gold,750,FALSE,
82892,ATX,,300,FALSE,
82893,ATX,,450,FALSE,
82894,ATX,,350,FALSE,
82895,ATX,plus,850,FALSE,
82896,ATX,,750,Full,
82897,ATX,,750,FALSE,
82898,ATX,gold,750,Full,
82899,ATX,silver,850,Full,
82900,ATX,,580,FALSE,
82901,ATX,,680,Full,
82902,ATX,plus,750,FALSE,
82903,ATX,,680,FALSE,
82904,ATX,,680,FALSE,
82905,ATX,bronze,650,Full,
82906,ATX,,550,Full,
82907,ATX,platinum,850,Semi,
82908,SFX,plus,350,FALSE,
82909,ATX,platinum,1000,Semi,Black
82910,ATX,platinum,850,Full,Black
82911,ATX,platinum,1200,Full,
82912,ATX,bronze,700,Semi,
82913,ATX,platinum,650,Semi,
82914,ATX,gold,750,Full,
82915,ATX,plus,900,Semi,
82916,ATX,gold,1200,Full,
82917,ATX,bronze,700,Semi,Black
82918,ATX,platinum,550,FALSE,
82919,ATX,,400,FALSE,
82920,ATX,gold,850,Semi,
82921,ATX,gold,750,Full,
82922,ATX,bronze,550,FALSE,
82923,ATX,,550,Full,
82924,ATX,,400,FALSE,
82925,ATX,,450,FALSE,
82926,ATX,,300,FALSE,
82927,ATX,,400,FALSE,
82928,ATX,gold,1200,FALSE,
82929,ATX,gold,850,FALSE,
82930,ATX,,350,FALSE,
82931,ATX,,500,FALSE,
82932,ATX,plus,400,FALSE,
82933,ATX,gold,1000,Semi,
82934,ATX,silver,700,FALSE,
82935,ATX,bronze,1000,Full,
82936,ATX,silver,600,FALSE,
82937,ATX,,1000,FALSE,
82938,ATX,bronze,550,Semi,
82939,ATX,,550,FALSE,
82940,ATX,,550,FALSE,
82941,ATX,,1050,FALSE,
82942,ATX,bronze,850,Semi,
82943,ATX,gold,850,Full,
82944,ATX,gold,850,Full,Black
82945,ATX,gold,850,Full,White
82946,ATX,plus,1200,Full,
82947,ATX,,600,FALSE,
82948,ATX,bronze,850,FALSE,Black
82949,ATX,,550,FALSE,
82950,ATX,,350,FALSE,
82951,ATX,,750,FALSE,
82952,ATX,,500,FALSE,
82953,ATX,,850,FALSE,
82954,ATX,,400,FALSE,
82955,ATX,platinum,550,FALSE,
82956,ATX,,450,FALSE,
82957,ATX,gold,650,Full,White
82958,ATX,gold,750,Full,White
82959,ATX,,1100,FALSE,
82960,ATX,,850,FALSE,
82961,ATX,,800,Full,
82962,ATX,,550,FALSE,
82963,ATX,plus,600,Full,
82964,ATX,,1080,FALSE,
82965,ATX,,400,FALSE,
82966,ATX,,350,FALSE,
82967,ATX,bronze,530,FALSE,
82968,ATX,,400,FALSE,
82969,ATX,,400,FALSE,
82970,ATX,bronze,530,FALSE,
82971,ATX,gold,700,Full,
82972,ATX,bronze,1000,Full,
82973,ATX,,500,FALSE,
82974,ATX,,450,FALSE,
82975,ATX,,550,FALSE,
82976,ATX,platinum,1000,Semi,
82977,ATX,plus,1200,FALSE,
82978,ATX,,550,FALSE,
82979,ATX,,750,FALSE,
82980,ATX,,680,FALSE,
82981,ATX,,700,Semi,
82982,ATX,,950,Semi,
82983,ATX,plus,550,Full,
82984,ATX,,460,FALSE,
82985,ATX,plus,650,Full,
82986,ATX,bronze,1000,Semi,Black
82987,ATX,bronze,700,Semi,Black
82988,ATX,,500,FALSE,
82989,ATX,bronze,850,Semi,
82990,ATX,plus,1000,FALSE,
82991,ATX,plus,800,FALSE,
82992,ATX,,450,FALSE,
82993,ATX,,470,FALSE,
82994,ATX,plus,750,FALSE,
82995,ATX,plus,610,FALSE,
82996,ATX,plus,860,FALSE,
82997,ATX,bronze,850,Semi,
82998,ATX,gold,550,Full,
82999,ATX,gold,1000,Full,
83000,ATX,,730,FALSE,
83001,ATX,gold,700,Full,
83002,ATX,,850,FALSE,
83003,ATX,,650,FALSE,
83004,ATX,,750,FALSE,
83005,ATX,,1000,FALSE,
83006,ATX,,850,Semi,
83007,ATX,bronze,850,FALSE,
83008,ATX,bronze,650,FALSE,
83009,ATX,gold,850,Semi,
83010,ATX,gold,850,Semi,
83011,ATX,plus,300,FALSE,
83012,ATX,plus,500,Full,
83013,ATX,,500,FALSE,
83014,ATX,,450,FALSE,
83015,ATX,,400,FALSE,
83016,ATX,gold,500,FALSE,
83017,ATX,bronze,550,FALSE,Black
83018,ATX,,550,FALSE,
83019,ATX,gold,1000,Full,
83020,ATX,,600,FALSE,
83021,ATX,,550,FALSE,
83022,ATX,plus,850,Full,
83023,ATX,,1200,FALSE,
83024,ATX,bronze,750,Semi,
83025,ATX,gold,650,Full,Black
83026,ATX,gold,850,Full,Black
83027,ATX,platinum,550,Semi,
83028,ATX,plus,850,Full,
83029,ATX,,580,FALSE,
83030,ATX,gold,650,Full,
83031,ATX,gold,750,Full,
83032,ATX,gold,650,Full,Black
83033,ATX,gold,650,Full,White
83034,ATX,gold,750,Full,Black
83035,ATX,gold,750,Full,White
83036,ATX,gold,850,Full,White
83037,ATX,gold,850,Semi,
83038,ATX,silver,500,FALSE,
83039,ATX,gold,550,Full,Black
83040,ATX,gold,1000,Full,Black
83041,ATX,bronze,550,Full,
83042,ATX,gold,1000,Full,White
83043,ATX,bronze,1200,Semi,
83044,ATX,,660,Full,
83045,ATX,gold,1200,Semi,
83046,ATX,gold,1000,Semi,
83047,ATX,,900,FALSE,
83048,ATX,gold,500,FALSE,
83049,ATX,bronze,800,Semi,
83050,ATX,gold,600,FALSE,
83051,ATX,silver,1200,Semi,
83052,ATX,plus,1000,Semi,
83053,ATX,gold,1200,Semi,
83054,ATX,platinum,850,Full,
83055,ATX,gold,550,Semi,
83056,ATX,,480,FALSE,
83057,ATX,gold,550,Full,Black
83058,ATX,,650,FALSE,
83059,ATX,,500,FALSE,
83060,ATX,,500,Full,
83061,ATX,,500,FALSE,
83062,ATX,,600,FALSE,
83063,ATX,gold,1050,Full,
83064,ATX,gold,1200,Full,
83065,ATX,gold,1000,Full,
83066,ATX,,550,FALSE,
83067,ATX,gold,650,FALSE,
83068,ATX,gold,500,FALSE,
83069,ATX,gold,650,Semi,
83070,ATX,gold,550,Full,Black
83071,ATX,gold,650,FALSE,
83072,ATX,plus,700,Semi,
83073,ATX,gold,550,Full,
83074,ATX,,600,Full,
83075,ATX,plus,750,FALSE,
83076,ATX,gold,750,Full,
83077,ATX,gold,850,Full,
83078,ATX,,400,FALSE,
83079,ATX,,500,Full,
83080,ATX,,630,FALSE,
83081,ATX,bronze,700,FALSE,
83082,TFX,bronze,300,FALSE,
83083,ATX,silver,850,Full,
83084,ATX,plus,900,Full,
83085,ATX,bronze,450,FALSE,
83086,ATX,bronze,550,Semi,
83087,ATX,bronze,550,FALSE,
83088,ATX,gold,850,Full,
83089,ATX,bronze,550,FALSE,
